perception_radius,metric,mean,std,min,max,n,positive,negative,zero,expected_seeds,missing,action_opportunities_first_median,action_opportunities_first_min,action_opportunities_first_max,action_opportunities_second_median,action_opportunities_second_min,action_opportunities_second_max,living_agent_ticks_first_median,living_agent_ticks_first_min,living_agent_ticks_first_max,living_agent_ticks_second_median,living_agent_ticks_second_min,living_agent_ticks_second_max
0,population_share,0.09174025795923557,0.07237166812725453,0.014422837076951064,0.21703237797008113,10,10,0,0,10,0,1595.0,172,9467,63635.0,13542,177200,1598.5,173,9507,63839.0,13597,177641
0,reproductive_participation_rate,0.0024117080864477385,0.003984824563485195,-0.0010648661820171143,0.011022555151415234,10,8,2,0,10,0,1595.0,172,9467,63635.0,13542,177200,1598.5,173,9507,63839.0,13597,177641
0,death_rate,-0.0018061895631378687,0.002859156795846855,-0.0063849591108455,0.002495446527902547,10,3,7,0,10,0,1595.0,172,9467,63635.0,13542,177200,1598.5,173,9507,63839.0,13597,177641
0,mean_hunger_multiplier,-0.002162501885355972,0.005353928211767362,-0.011007835010360956,0.007882111393355706,10,3,7,0,10,0,1595.0,172,9467,63635.0,13542,177200,1598.5,173,9507,63839.0,13597,177641
0,mean_thirst_multiplier,-0.007923644355988446,0.006557007215693256,-0.015427496064117197,0.002539587373452612,10,2,8,0,10,0,1595.0,172,9467,63635.0,13542,177200,1598.5,173,9507,63839.0,13597,177641
0,mean_signal_probability,-0.0011587036760514035,0.004380304752555574,-0.006470247202800095,0.0068146829851047225,10,4,6,0,10,0,1595.0,172,9467,63635.0,13542,177200,1598.5,173,9507,63839.0,13597,177641
0,mean_age,36.143733397261535,26.103001756811015,-10.303644678848414,83.55450733877356,10,9,1,0,10,0,1595.0,172,9467,63635.0,13542,177200,1598.5,173,9507,63839.0,13597,177641
0,mean_generation,27.20234786972413,3.6044170279342076,22.33569348218711,33.42291470429954,10,10,0,0,10,0,1595.0,172,9467,63635.0,13542,177200,1598.5,173,9507,63839.0,13597,177641
1,population_share,0.07599785320026958,0.03297096615358782,0.031142440722906603,0.14039680615516298,10,10,0,0,10,0,39094.0,25628,51561,109356.5,61385,156685,39170.0,25678,51686,109417.5,61390,156816
1,reproductive_participation_rate,-0.0004760531160899285,0.0004160013635645235,-0.0010800718685962472,0.00012615536519257169,10,1,9,0,10,0,39094.0,25628,51561,109356.5,61385,156685,39170.0,25678,51686,109417.5,61390,156816
1,death_rate,0.0004314941144470787,0.00037880632120160365,-8.22564219216124e-05,0.0011133393836899154,10,9,1,0,10,0,39094.0,25628,51561,109356.5,61385,156685,39170.0,25678,51686,109417.5,61390,156816
1,mean_hunger_multiplier,-0.0018255433942472865,0.0027372239571346138,-0.0054945954192394675,0.0031710126040428444,10,3,7,0,10,0,39094.0,25628,51561,109356.5,61385,156685,39170.0,25678,51686,109417.5,61390,156816
1,mean_thirst_multiplier,-0.005297959507226324,0.003101163601203559,-0.01045894139674508,-4.9934806434448475e-05,10,0,10,0,10,0,39094.0,25628,51561,109356.5,61385,156685,39170.0,25678,51686,109417.5,61390,156816
1,mean_signal_probability,0.0011870939175342946,0.0028677671609716945,-0.004548894797591879,0.004725969419227094,10,8,2,0,10,0,39094.0,25628,51561,109356.5,61385,156685,39170.0,25678,51686,109417.5,61390,156816
1,mean_age,10.766193595373673,5.745552216609318,4.510052265150904,20.757515725630498,10,10,0,0,10,0,39094.0,25628,51561,109356.5,61385,156685,39170.0,25678,51686,109417.5,61390,156816
1,mean_generation,24.090918074007952,1.2334821097611577,22.39946328818995,26.598243396402786,10,10,0,0,10,0,39094.0,25628,51561,109356.5,61385,156685,39170.0,25678,51686,109417.5,61390,156816
2,population_share,-0.27486549820357087,0.05997065299548964,-0.3800478586631824,-0.199726448019381,10,0,10,0,10,0,583532.5,563568,614350,506235.0,394648,589043,584039.5,564053,614959,505891.0,394336,588812
2,reproductive_participation_rate,-0.0009944106550130092,0.00012883520564325413,-0.0012507429939851,-0.0008140346890895683,10,0,10,0,10,0,583532.5,563568,614350,506235.0,394648,589043,584039.5,564053,614959,505891.0,394336,588812
2,death_rate,0.0010868038673740026,0.00016786910410357988,0.0008565243686517489,0.0013800631748785595,10,10,0,0,10,0,583532.5,563568,614350,506235.0,394648,589043,584039.5,564053,614959,505891.0,394336,588812
2,mean_hunger_multiplier,-0.002500462977756557,0.002137899911702758,-0.005307759502487963,5.981222734607883e-05,10,1,9,0,10,0,583532.5,563568,614350,506235.0,394648,589043,584039.5,564053,614959,505891.0,394336,588812
2,mean_thirst_multiplier,-0.00507151608882358,0.0021623466514818354,-0.00836640308390979,-0.0017197595434188528,10,0,10,0,10,0,583532.5,563568,614350,506235.0,394648,589043,584039.5,564053,614959,505891.0,394336,588812
2,mean_signal_probability,0.00047048344053396277,0.0024682035309678244,-0.0027978897865836155,0.003974631296642453,10,5,5,0,10,0,583532.5,563568,614350,506235.0,394648,589043,584039.5,564053,614959,505891.0,394336,588812
2,mean_age,2.7043206665014763,1.8826754391053986,-0.45838985120253994,5.5127322542660835,10,9,1,0,10,0,583532.5,563568,614350,506235.0,394648,589043,584039.5,564053,614959,505891.0,394336,588812
2,mean_generation,25.264846823718923,0.8114901430038158,24.524560633369113,26.888041145764305,10,10,0,0,10,0,583532.5,563568,614350,506235.0,394648,589043,584039.5,564053,614959,505891.0,394336,588812
