seed,perception_radius,population_share,reproductive_participation_rate,death_rate,mean_hunger_multiplier,mean_thirst_multiplier,mean_signal_probability,mean_age,mean_generation,population_share_first,population_share_second,reproductive_participation_rate_first,reproductive_participation_rate_second,death_rate_first,death_rate_second,mean_hunger_multiplier_first,mean_hunger_multiplier_second,mean_thirst_multiplier_first,mean_thirst_multiplier_second,mean_signal_probability_first,mean_signal_probability_second,mean_age_first,mean_age_second,mean_generation_first,mean_generation_second,action_opportunities_first,action_opportunities_second,living_agent_ticks_first,living_agent_ticks_second
0,0,0.01617474400890711,0.011022555151415234,-0.0063849591108455,-0.007264588880684264,-0.015427496064117197,-0.006293608491237973,54.55661759798256,26.876201865338366,0.00020966171618307954,0.016384405725090187,0.005813953488372093,0.016836508639787327,0.011627906976744186,0.005242947865898686,0.998979020494393,0.9917144316137088,1.0121547902646606,0.9967272942005434,0.10126774432308151,0.09497413583184354,30.161849710982658,84.71846730896522,18.895953757225435,45.7721556225638,172,13542,173,13597
0,1,0.14039680615516298,-6.361235692008485e-05,-8.22564219216124e-05,-0.0029581355168680767,-0.006986228537057437,-0.004548894797591879,20.026581436895654,24.01625902580217,0.0476739096355222,0.18807071579068518,0.014512985302639203,0.014449372945719118,0.00682189327292841,0.006739636851006797,0.99727693406522,0.9943187985483519,0.9982283669231445,0.9912421383860871,0.0993873093428018,0.09483841454520991,72.47918965789059,92.50577109478624,15.352383204582479,39.36864223038465,37966,156685,38058,156816
0,2,-0.28187918764513575,-0.0009579273117585572,0.0010704518448359,-0.005131780078334369,-0.006718415402324207,-0.0027978897865836155,3.3833757617059064,24.87956286832481,0.8830565547646306,0.6011773671194949,0.015229770229770229,0.014271842918011672,0.006480186480186481,0.007550638325022381,0.9987920035393487,0.9936602234610143,0.9974074056264601,0.9906889902241359,0.09796916222346558,0.09517127243688196,97.41430370460327,100.79767946630918,10.755773002593505,35.63533587091832,600600,501547,601117,501264
1,0,0.10506735553365618,0.00029258131995851117,0.00025032429889279735,-0.011007835010360956,-0.013003424967040877,0.001090312736971119,-10.303644678848414,29.623032548071052,0.004876275755894145,0.10994363128955033,0.01596958174904943,0.01626216306900794,0.004816223067173638,0.005066547366066435,1.00113235141083,0.990124516400469,1.0021277481605375,0.9891243231934966,0.10023337334873916,0.10132368608571028,124.69565217391305,114.39200749506463,13.207280080889788,42.83031262896084,3945,89410,3956,89659
1,1,0.053330019064625214,-0.00020412214431687892,3.82436645844364e-05,-0.0028043826789603266,-0.01045894139674508,0.002147866908504076,7.323730867765519,25.319314818295943,0.03695008081670807,0.09028009988133329,0.014494257644942577,0.014290135500625698,0.007160647571606476,0.007198891236190912,0.9954117645203698,0.9926073818414095,0.999823276674558,0.9893643352778129,0.10069051328853065,0.10283838019703473,79.70008634087377,87.02381720863929,13.803039198756691,39.122354017052636,28908,74317,28955,74358
1,2,-0.28837485189605894,-0.0010180861579944696,0.0012016302781216529,-0.0038271974884642734,-0.004791859512861429,0.00043268762316414633,-0.45838985120253994,24.530015735522735,0.8605788722200632,0.5722040203240043,0.015261470754614164,0.014243384596619694,0.006547797189550512,0.007749427467672165,0.9971126940200526,0.9932854965315884,1.0002706807650388,0.9954788212521773,0.09927074377623386,0.09970343139939801,94.68990960471507,94.23151975351253,11.18249131479337,35.712507050316106,578057,475519,578570,475156
2,0,0.09820184562874991,0.0027243934239717573,-0.0016843366278991396,-0.006776537734617505,-0.011929608321739504,-0.006470247202800095,45.647172993645995,25.335854034630355,0.0019238696415605388,0.10012571527031044,0.013810420590081607,0.016534814014053364,0.006905210295040804,0.005220873667141664,1.0021370840250758,0.9953605462904583,1.0048971164612879,0.9929675081395484,0.10136216173034007,0.09489191452753998,60.74484052532833,106.39201351897432,18.957473420888054,44.29332745551841,1593,81404,1599,81663
2,1,0.10373698241561344,-0.0005901537798544514,0.0005289406793592662,-0.0054945954192394675,-0.006610246657115071,-0.0015887633274519614,10.376106250871118,24.236812446719078,0.051315688895135374,0.15505267131074882,0.014587927399617128,0.013997773619762677,0.0066396878862044735,0.00716862856556374,1.0040096234144327,0.9985150279951932,1.0006089715949893,0.9939987249378742,0.1001491263099907,0.09856036298253874,76.73125559128606,87.10736184215718,14.789670930148214,39.02648337686729,41267,126663,41359,126721
2,2,-0.2852813268329747,-0.0008916873302548655,0.0012549110859073733,-0.00036134829178446903,-0.00363675421098264,-0.002382941257114038,1.0034961308063828,24.94336399238573,0.9081822616241629,0.6229009347911882,0.015154110435106281,0.014262423104851416,0.006392033757053307,0.0076469448429606806,0.9994903947424023,0.9991290464506178,1.0007939238080672,0.9971571695970846,0.10031684187771238,0.09793390062059834,99.5038493496664,100.50734548047278,10.708405386950549,35.65176937933628,607162,510923,607765,510518
3,0,0.16846741814911517,0.000160586943096043,0.0011740133618392554,-0.0013491666275687875,-0.004333249087130953,-0.0004013162088320199,11.10428451583607,24.559370803865143,0.011439954910220028,0.1799073730593352,0.01584451251716489,0.016005099460260932,0.004542093588253935,0.00571610695009319,0.9930406811430766,0.9916915145155079,0.9978470002169542,0.9935137511298232,0.1052518898144115,0.10485057360557948,103.26327968865047,114.36756420448654,17.072788471652466,41.63215927551761,9467,144329,9507,144655
3,1,0.031142440722906603,-0.0008987311753593553,0.00047459782076705957,-0.0023074464357643043,-4.9934806434448475e-05,0.0011651391354125934,13.603602566020854,22.51564516153996,0.04422281401026033,0.07536525473316694,0.014924959081199545,0.01402622790584019,0.007296030182816878,0.007770628003583938,0.9977106747427553,0.995403228306991,0.996027591172434,0.9959776563659996,0.10048032548845098,0.10164546462386358,72.1446300451536,85.74823261117446,14.697858666445054,37.213503827985015,36047,61385,36099,61390
3,2,-0.3220309503302391,-0.0009398691607233698,0.0011898628454127475,-0.0021507014664954305,-0.0027635243704651202,-0.0006072599266100931,2.149442389521127,24.524560633369113,0.8668773876652173,0.5448464373349782,0.015180386178861789,0.014240517018138419,0.006482091847945506,0.0076719546933582536,0.9976813719839255,0.99553067051743,0.9986570396894875,0.9958935153190224,0.10001716793226735,0.09940990800565726,96.95063805701348,99.1000804465346,10.876060855545264,35.400621488914375,582528,444085,583020,443773
4,0,0.056459644175373046,0.004549585170828331,-0.0057570168027563364,-0.0026570249565210924,-0.004034051340276568,0.003746658782577475,44.708417695027414,33.42291470429954,0.0012730115960170449,0.05773265577139009,0.011846001974333662,0.016395587145161993,0.01085883514313919,0.005101818340382854,0.9978550415912554,0.9951980166347343,1.0018427986257608,0.9978087472854842,0.10487642809942191,0.10862308688199938,51.875739644970416,96.58415733999783,12.437869822485206,45.86078452678474,1013,45866,1014,46015
4,1,0.09631897900841452,-0.00044897790487474255,7.330966222447895e-05,-0.00538625353648714,-0.002113804934801955,0.004725969419227094,6.359347655167795,26.598243396402786,0.051389858248676035,0.14770883725709055,0.014792899408284023,0.01434392150340928,0.006936502411615534,0.007009812073840013,0.9974785606004849,0.9920923070639978,1.0014580481003241,0.9993442431655222,0.09844119001876393,0.10316715943799103,83.57571620078447,89.93506385595227,13.297775681445808,39.89601907784859,40222,120260,40282,120349
4,2,-0.23320233207199215,-0.000959900300039486,0.0009602327822377547,-0.005307759502487963,-0.0036460993291600463,0.003974631296642453,5.5127322542660835,25.41861051854866,0.8586400617773516,0.6254377297053595,0.015309010138179506,0.01434910983814002,0.0065233858681062,0.007483618650343955,0.9993185056807717,0.9940107461782838,1.0006733780773003,0.9970272787481402,0.10031864177538725,0.10429327307202971,93.2396137642609,98.75234601852698,10.989947757037767,36.40855827558643,584819,514457,585342,514169
5,0,0.014422837076951064,-0.000989235066302007,-0.003570945707431352,0.0023895744891087034,-0.012275725252081315,-0.0024486240499274753,29.698068735247304,27.327673283697713,0.0019413302318217049,0.01636416730877277,0.016906700062617408,0.0159174649963154,0.00939261114589856,0.005821665438467207,1.0000641898168647,1.0024537643059734,0.999813957044757,0.9875382317926756,0.10185612520435751,0.09940750115443003,59.27909887359199,88.9771676088393,18.993742177722154,46.32141546141987,1597,13570,1598,13621
5,1,0.08031738617327569,0.00012615536519257169,0.00030144193246390595,-0.002591661624894215,-0.004036791745390622,0.004524200115159818,10.259964595498317,23.938194471557498,0.05318637380186266,0.13350375997513836,0.014400559245019224,0.014526714610211796,0.00694395898869859,0.007245400921162496,0.9990281885017547,0.9964365268768605,1.0004122586791853,0.9963754669337946,0.09876169232988152,0.10328589244504134,78.75992464941045,89.01988924490877,14.41170724900579,38.34990172056329,42915,111381,42999,111417
5,2,-0.199726448019381,-0.0009595358322285578,0.0009724866379040784,-0.00501450577180218,-0.0017197595434188528,0.003793304194002589,2.950321925626028,25.693963702852322,0.9044614666287633,0.7047350186093823,0.015323512655652315,0.014363976823423757,0.006434442907137625,0.007406929545041703,1.0007046732008305,0.9956901674290283,0.9998133631184332,0.9980936035750143,0.10050797956670368,0.10430128376070627,97.36390230893441,100.31422423456044,10.82128564668539,36.51524934953771,614350,589043,614959,588812
6,0,0.03426368406008914,-0.0010648661820171143,-0.0017781880733061337,0.007882111393355706,-0.008808296706694585,-0.004888754433263878,83.55450733877356,23.97635389852711,0.0007077360454158575,0.034971420105505,0.017361111111111112,0.016296244929093998,0.006944444444444444,0.00516625637113831,0.9979641666482041,1.0058462780415598,1.0010608765498277,0.9922525798431331,0.1038604369502667,0.09897168251700282,37.17039586919105,120.7249032079646,20.44234079173838,44.41869469026549,576,28841,581,28928
6,1,0.08537498063133547,-0.0003856624198053278,0.00034914785151725965,0.0012316037037343186,-0.0056678227610261755,0.0010247845337411077,20.757515725630498,23.718723746690504,0.04346997571188516,0.12884495634322063,0.014892053803549226,0.014506391383743898,0.006442861987114276,0.006792009838631536,0.9994731600592921,1.0007047637630264,0.9978899268464427,0.9922221040854166,0.10105238612330594,0.10207717065704705,72.1776161889462,92.9351319145767,16.913982131281532,40.632705877972036,35388,107332,35481,107418
6,2,-0.20771627848054508,-0.0009762793747016656,0.0009049503016998924,5.981222734607883e-05,-0.00736718192849628,0.0027619388985528903,0.7942309441290405,26.888041145764305,0.8565590798885626,0.6488428014080175,0.015346571300660253,0.014370291925958588,0.0065320309222748245,0.007436981223974717,1.0003428526977864,1.0004026649251325,1.0000220281315733,0.992654846203077,0.09851783991892707,0.10127977881747996,97.41238022952962,98.20661117365866,10.873596697760176,37.76163784352448,567358,542021,567857,541810
7,0,0.21703237797008113,0.00034050245269693497,-0.0004210352489483699,-0.0026337091435751914,0.00189280106628531,0.0007731741779256895,35.97560297376182,26.198646583511806,0.007223602575914022,0.22425598054599516,0.016002612671456563,0.0163431151241535,0.006041802743305029,0.005620767494356659,1.000719433320548,0.9980857241769728,0.9855168544094958,0.9874096554757811,0.10000970375909331,0.100782877937019,73.49593231369997,109.47153528746179,17.834363813862677,44.03301039737448,6124,177200,6146,177641
7,1,0.07643871874156541,-0.0010264479578091582,0.0011133393836899154,-0.0011514062338011666,-0.0072716256671990775,0.003842136893202508,5.281347877094589,22.39946328818995,0.0621868170583298,0.1386255357998952,0.014991951281006962,0.013965503323197804,0.006438975194429899,0.007552314578119814,1.0006884568942627,0.9995370506604615,0.99852976665729,0.9912581409900909,0.10030461437978645,0.10414675127298896,82.25269899005534,87.53404686714993,15.912781023874937,38.312244312064884,51561,111489,51686,111464
7,2,-0.3337183203291504,-0.0012507429939851,0.0013800631748785595,-0.0011657078149531763,-0.0066567150825741495,0.0016537864594587393,4.204361061618755,24.850061705143617,0.8290512860868989,0.49533296575774854,0.015242171308520002,0.013991428314534902,0.006474817590778752,0.007854880765657312,0.9996499924848425,0.9984842846698894,0.9983308879842228,0.9916741729016486,0.1002666546377456,0.10192044109720434,96.00726172895101,100.21162279056976,10.99278436600816,35.842846071151776,563568,400388,564053,399990
8,0,0.1700415549291145,7.3137446204595e-05,0.002495446527902547,-0.0008788796668036669,-0.013856980260541385,0.0068146829851047225,16.829585000752132,22.33569348218711,0.009342600788308803,0.1793841557174233,0.01604136285297627,0.016114500299180864,0.0034469044146891157,0.005942350942591663,0.9980040949454043,0.9971252152786007,1.004062018097023,0.9902050378364816,0.09199982277835804,0.09881450576346276,89.18396413029144,106.01354913104358,18.97098773572465,41.30668121791176,7543,145397,7583,145692
8,1,0.04026964503089957,-0.0010800718685962472,0.0008815001644056613,3.583119576466842e-05,-0.007312234350037472,2.6079415208074552e-05,9.163686713641482,23.655283992972556,0.06077180204616539,0.10104144707706496,0.014714622399836048,0.013634550531239801,0.006926939235577416,0.007808439399983077,0.9972376757834625,0.9972735069792271,1.0004947713812742,0.9931825370312367,0.09857493931041403,0.0986010187256221,77.21044879924723,86.37413551288871,14.986008264124699,38.641292257097255,48795,82731,48886,82708
8,2,-0.3800478586631824,-0.0011760433993544522,0.001076925354090319,-0.00033734497811288566,-0.00836640308390979,-0.0013571735695688814,4.7994095494239275,24.595280411799266,0.8591100563640828,0.47906219770090036,0.015267081488993826,0.014091038089639374,0.006577997513883166,0.007654922867973485,0.9977547995428787,0.9974174545647658,0.9990664029674116,0.9906999998835018,0.09962568376231908,0.0982685101927502,95.91525510204082,100.71466465146474,10.55335679099226,35.14863720279153,567954,394648,568400,394336
9,0,0.03727111806031843,0.007007840204625099,-0.0023851982488264506,0.0006710372841073342,0.002539587373452612,-0.0035093150570316006,49.66672180043696,32.36773749311309,0.000933252175163555,0.03820437023548198,0.009174311926605505,0.016182152131230605,0.007863695937090432,0.005478497688263981,0.9971222904300059,0.9977933277141132,0.993099646467051,0.9956392338405036,0.09999999999999999,0.09649068494296839,50.483028720626635,100.1497505210636,10.762402088772847,43.130139581885935,763,31578,766,31666
9,1,0.05265257405889705,-0.00018890691855561088,0.0006366764073804159,0.0031710126040428444,-0.002471964216455902,0.0005524208799315145,4.510052265150904,24.511240391909073,0.03276720788052204,0.08541978193941908,0.014203215233338536,0.014014308314782925,0.0068674886842515995,0.0075041650916320155,0.9984343557707819,1.0016053683748247,0.9972378212613514,0.9947658570448955,0.10149460753873753,0.10204702841866904,79.37370511722096,83.88375738237187,14.221356803489368,38.73259719539844,25628,71427,25678,71454
9,2,-0.21667742776704935,-0.0008140346890895683,0.0008565243686517489,-0.0017680966124768993,-0.005048448424043284,-0.0007662495266045621,2.704226499120054,26.325007523478668,0.8729109746807944,0.656233546913745,0.015304420421632848,0.01449038573254328,0.006524822209714697,0.007381346578366446,0.9987181279915541,0.9969500313790772,0.9985551255306271,0.9935066771065838,0.1006527224805397,0.09988647295393514,95.48822255533203,98.19244905445208,10.724815787809435,37.0498233112881,584537,550848,585059,550686
