seed,window_end,shared_present_ticks,mean_hunger_multiplier,mean_hunger_multiplier_valid_ticks,mean_thirst_multiplier,mean_thirst_multiplier_valid_ticks,mean_signal_probability,mean_signal_probability_valid_ticks,mean_age,mean_age_valid_ticks,mean_generation,mean_generation_valid_ticks,p0_action_opportunities,p2_action_opportunities
0,1000,173,0.0009636962991069105,173,0.015964321543361536,173,0.003072995778421854,173,-68.69528158433529,173,2.6994369048105056,173,170,117867
0,2000,1000,0.004861977296722566,1000,0.007881645613447024,1000,-0.0009296395098375676,1000,-27.03677600441981,1000,0.7199637185827259,1000,13542,501547
0,3000,1000,0.0025118991579815234,1000,0.005681007480824231,1000,0.001985913620272122,1000,16.451933782852052,1000,-1.243090737282144,1000,254808,241232
0,4000,1000,0.0006959796285993618,1000,0.001606807872034826,1000,-5.511260130158568e-06,1000,12.55130371833996,1000,-0.9875638576839904,1000,605545,58748
0,5000,779,-0.008849660603338963,779,0.013086727029465443,779,-0.0023368660598519467,779,51.37843136452308,779,-2.8509187207270807,779,558070,3090
1,1000,838,0.008722425666272546,838,0.0013472701716461084,838,0.0009061051507359343,838,19.169538348783515,838,-0.5816834932875958,838,3945,549971
1,2000,1000,-0.0003508742539195744,1000,-0.00301650753967576,1000,0.0016551777906087376,1000,28.266265061731463,1000,-1.4714142072993532,1000,89410,475519
1,3000,1000,0.0030325385646175363,1000,0.005952581061445711,1000,0.0036996339020429407,1000,21.157055903390724,1000,-1.0218558284113513,1000,498275,122644
1,4000,817,0.007072415138008077,817,0.013530642758410347,817,-0.0034058630901802962,817,21.051405593123576,817,-1.2539380915105582,817,594106,10608
1,5000,1000,0.011701399963579556,1000,-0.011935933460545898,1000,-0.0042962074559485565,1000,32.1250312445837,1000,-2.547089921087363,1000,787535,9759
2,1000,412,0.0016659210431922641,412,0.0013319374459137168,412,-0.0006652989642098471,412,-46.048097646087214,412,1.1054920060326756,412,1593,292241
2,2000,1000,0.0007462146496196059,1000,-0.0009516270640453737,1000,0.0005091680863735599,1000,-4.943433037712918,1000,1.2520666354300842,1000,81404,510923
2,3000,1000,0.0019138358499308716,1000,0.002530216901050771,1000,0.003422075195216235,1000,10.856588752492044,1000,-0.010637844929174122,1000,524358,129129
2,4000,1000,0.005527043759662864,1000,0.005566368240587963,1000,-0.014200426629659655,1000,14.665634622502086,1000,-1.2013395283278283,1000,693322,21723
2,5000,619,0.005183425373993493,619,0.01950795379861318,619,-0.033030157361774094,619,36.62529093045579,619,-2.1366304807319696,619,463934,1992
3,1000,667,-0.0019447958375049803,667,0.0004334081961832594,667,0.003477902674973824,667,-9.307978351217788,667,-0.053089969407040936,667,9467,457942
3,2000,1000,-0.002431848523726828,1000,-0.0008336815600770207,1000,0.007164237948709417,1000,18.088382655806843,1000,-0.44807684898538686,1000,144329,444085
3,3000,1000,0.0009058496515424096,1000,-0.00040771459096482286,1000,0.005355563003772482,1000,19.017282100921364,1000,-0.815975166171103,1000,576780,99548
3,4000,1000,0.010619506209080224,1000,0.011150978786398393,1000,0.005617833198455633,1000,19.6282581232748,1000,-2.238599130452336,1000,731180,11340
3,5000,753,0.016432292854395552,753,0.004382119868357466,753,-0.0003793777592259655,753,52.38882913043502,753,-2.3673339238728976,753,569644,3243
4,1000,558,-0.0022708645208999027,558,0.001962453328507753,558,0.007330722997567686,558,-46.9764269624258,558,3.3282854280477188,558,1011,373394
4,2000,831,0.0036150579923597244,831,0.0011221393789736288,831,0.0027128592078702832,831,-16.715210952422307,831,0.38249522139038294,831,45865,411691
4,3000,1000,0.0015857172764753642,1000,-0.0005946897658601619,1000,-0.0033348527379838096,1000,21.663281715233147,1000,-1.2275673382385712,1000,358522,201712
4,4000,1000,0.00023854493092397534,1000,-0.0008303619604937086,1000,0.00515544544265596,1000,-2.5979344065398338,1000,-0.7702883899115005,1000,703488,20147
4,5000,840,-0.0031709112564914555,840,0.05266073459673296,840,-0.003872663647319095,840,36.54848432120923,840,-0.9395545076159454,840,640446,2209
5,1000,461,-0.0021286395261533725,461,0.0006986691116217614,461,0.0015631928609226812,461,-39.3164707659328,461,1.4504231257841136,461,1596,325727
5,2000,1000,-0.0018917131594963434,1000,-0.006867781205816393,1000,-0.005259560026111367,1000,31.334679243158746,1000,-0.09791564979939539,1000,13570,589043
5,3000,1000,0.002656874835092692,1000,-0.0006721807778605506,1000,-0.008386145985974152,1000,6.592003896952905,1000,-0.6608396090326936,1000,169306,336068
5,4000,1000,6.391622149899989e-05,1000,-0.004026339821478026,1000,-0.0037982238948234834,1000,10.126893340437745,1000,-0.9322003971363125,1000,591610,68996
5,5000,1000,0.013606062552223831,1000,0.009449443103612586,1000,-0.006581637684815971,1000,24.895125978368096,1000,-0.6005557817666763,1000,736195,8029
6,1000,305,-0.004257908949714386,305,0.002546266962035117,305,0.0035285996769699977,305,-67.59069421011105,305,2.559537498882467,305,574,191425
6,2000,1000,0.0020491615147386825,1000,0.0027603799712658163,1000,-0.005185022336064341,1000,10.987898551293464,1000,-0.8194297696070261,1000,28841,542021
6,3000,1000,0.005048224951587985,1000,0.0011794078363347475,1000,-0.0024196650367577957,1000,11.90586682904027,1000,-1.0201952489512034,1000,352035,229404
6,4000,1000,0.0035770571884169073,1000,-0.009539309073951069,1000,-0.00564258846931281,1000,28.383193084116044,1000,-1.6706061125600928,1000,690326,32931
6,5000,659,0.019039144885366323,659,0.0077352869675692704,659,0.0034963269170417977,659,53.15328467790825,659,-2.9450409375042508,659,502464,1956
7,1000,652,0.0008870647543412273,652,-0.008694804257707727,652,-0.005199360233095772,652,-34.017428420829916,652,0.9099718193203942,652,6124,421235
7,2000,1000,0.0002476436855658634,1000,-0.004044947958886097,1000,-0.00028151714622497826,1000,7.293062958014753,1000,-0.2687479133873696,1000,177200,400388
7,3000,1000,0.004349734380854269,1000,0.00693809956899047,1000,-8.185856927099012e-05,1000,17.316695586014415,1000,-0.5886667260654233,1000,603505,75210
7,4000,726,-0.0023960805022205114,726,0.009630813894964053,726,-0.0077219475988435675,726,21.213951374825328,726,-1.5315729859191558,726,514389,4401
7,5000,845,-0.0006232384868387735,845,0.029292482294021368,845,-0.014965123945208676,845,57.60503282400219,845,-3.988148704547129,845,631982,1674
8,1000,636,0.0028408037890426535,636,0.004113347792973878,636,-0.004199596514173284,636,-27.827427831960776,636,1.341799501269079,636,7543,420520
8,2000,1000,-0.00128404715147666,1000,0.0052704697883958216,1000,-0.0013047228713919828,1000,7.688250289886797,1000,-0.8172989460313734,1000,145397,394648
8,3000,1000,0.004349260181412988,1000,0.0026876647114943953,1000,-0.0037926091685786104,1000,12.984599880101609,1000,-1.230740704644014,1000,535541,123950
8,4000,754,0.0027079150422985123,754,-0.0007229953951043501,754,-0.008132694784450232,754,21.253348318711932,754,-1.087998900192903,754,544068,11774
8,5000,0,,0,,0,,0,,0,,0,0,0
9,1000,393,-0.001107048302385595,393,-0.0072433632131630316,393,-0.0007415056362702302,393,-45.65746527266696,393,-0.3249255549076116,393,762,275151
9,2000,1000,-0.00022037331653682602,1000,-0.0006505395725772822,1000,-0.002690033378507212,1000,-1.1533814509548765,1000,-0.6573666517256568,1000,31578,550848
9,3000,1000,0.0002574645470199267,1000,0.0025298973332870994,1000,-0.001716245872347462,1000,11.712326443260503,1000,-0.7236176773550524,1000,273082,273695
9,4000,1000,0.002887417849743193,1000,0.004989746327830967,1000,-0.006371056872875198,1000,6.423190443950515,1000,-0.42170590872739444,1000,657037,38398
9,5000,599,0.02626481030536147,599,0.03732376394520857,599,-0.0035996178429304223,599,15.894169583245727,599,-1.9531242284596635,599,433464,4039
