window_end,metric,mean,std,min,max,n,positive,negative,zero,expected_seeds,missing,p0_action_opportunities_median,p0_action_opportunities_min,p0_action_opportunities_max,p2_action_opportunities_median,p2_action_opportunities_min,p2_action_opportunities_max
1000,mean_hunger_multiplier,0.00033706544152973665,0.0036565183687984485,-0.004257908949714386,0.008722425666272546,10,5,5,0,10,0,1594.5,170,9467,349560.5,117867,549971
1000,mean_thirst_multiplier,0.0012459507081372372,0.006657669482368851,-0.008694804257707727,0.015964321543361536,10,8,2,0,10,0,1594.5,170,9467,349560.5,117867,549971
1000,mean_signal_probability,0.0009073757791842843,0.003777467212477009,-0.005199360233095772,0.007330722997567686,10,6,4,0,10,0,1594.5,170,9467,349560.5,117867,549971
1000,mean_age,-36.62677326967841,26.279692809522903,-68.69528158433529,19.169538348783515,10,1,9,0,10,0,1594.5,170,9467,349560.5,117867,549971
1000,mean_generation,1.2435247266544707,1.3272027193396942,-0.5816834932875958,3.3282854280477188,10,7,3,0,10,0,1594.5,170,9467,349560.5,117867,549971
2000,mean_hunger_multiplier,0.000534119873385021,0.0023566636937840594,-0.002431848523726828,0.004861977296722566,10,5,5,0,10,0,63634.5,13542,177200,488533.0,394648,589043
2000,mean_thirst_multiplier,6.695498510043624e-05,0.004389171210095491,-0.006867781205816393,0.007881645613447024,10,4,6,0,10,0,63634.5,13542,177200,488533.0,394648,589043
2000,mean_signal_probability,-0.00036090522345754523,0.0037239725128358366,-0.005259560026111367,0.007164237948709417,10,4,6,0,10,0,63634.5,13542,177200,488533.0,394648,589043
2000,mean_age,5.380973731438216,18.52226856516307,-27.03677600441981,31.334679243158746,10,6,4,0,10,0,63634.5,13542,177200,488533.0,394648,589043
2000,mean_generation,-0.22257244114323682,0.8135078686515944,-1.4714142072993532,1.2520666354300842,10,3,7,0,10,0,63634.5,13542,177200,488533.0,394648,589043
3000,mean_hunger_multiplier,0.002661139939651557,0.0015681978555736893,0.0002574645470199267,0.005048224951587985,10,10,0,0,10,0,428398.5,169306,603505,165420.5,75210,336068
3000,mean_thirst_multiplier,0.002582428975874189,0.0028194470576442332,-0.0006721807778605506,0.00693809956899047,10,7,3,0,10,0,428398.5,169306,603505,165420.5,75210,336068
3000,mean_signal_probability,-0.000526819164960904,0.004214893757949744,-0.008386145985974152,0.005355563003772482,10,4,6,0,10,0,428398.5,169306,603505,165420.5,75210,336068
3000,mean_age,14.965763489025903,4.924059247173408,6.592003896952905,21.663281715233147,10,10,0,0,10,0,428398.5,169306,603505,165420.5,75210,336068
3000,mean_generation,-0.8543186881080731,0.38385341334142864,-1.243090737282144,-0.010637844929174122,10,0,10,0,10,0,428398.5,169306,603505,165420.5,75210,336068
4000,mean_hunger_multiplier,0.0030993715466011607,0.00383017323542005,-0.0023960805022205114,0.010619506209080224,10,9,1,0,10,0,631291.0,514389,731180,20935.0,4401,68996
4000,mean_thirst_multiplier,0.00313563516291994,0.00721679389816394,-0.009539309073951069,0.013530642758410347,10,6,4,0,10,0,631291.0,514389,731180,20935.0,4401,68996
4000,mean_signal_probability,-0.0038505033959163803,0.0061078440277743985,-0.014200426629659655,0.005617833198455633,10,2,8,0,10,0,631291.0,514389,731180,20935.0,4401,68996
4000,mean_age,15.269924421274215,8.98914867261437,-2.5979344065398338,28.383193084116044,10,9,1,0,10,0,631291.0,514389,731180,20935.0,4401,68996
4000,mean_generation,-1.2095813302422072,0.509016017394259,-2.238599130452336,-0.42170590872739444,10,0,10,0,10,0,631291.0,514389,731180,20935.0,4401,68996
5000,mean_hunger_multiplier,0.008842591732027892,0.011490767408195685,-0.008849660603338963,0.02626481030536147,9,6,3,0,10,1,569644.0,433464,787535,3090.0,1674,9759
5000,mean_thirst_multiplier,0.017944730904781662,0.019328619791491766,-0.011935933460545898,0.05266073459673296,9,8,1,0,10,1,569644.0,433464,787535,3090.0,1674,9759
5000,mean_signal_probability,-0.007285036093336992,0.01086772613028983,-0.033030157361774094,0.0034963269170417977,9,1,8,0,10,1,569644.0,433464,787535,3090.0,1674,9759
5000,mean_age,40.0681866727479,14.406687055261767,15.894169583245727,57.60503282400219,9,9,0,0,10,1,569644.0,433464,787535,3090.0,1674,9759
5000,mean_generation,-2.258710800701442,1.0311167726371397,-3.988148704547129,-0.6005557817666763,9,0,9,0,10,1,569644.0,433464,787535,3090.0,1674,9759
