seed,window_end,population_share,reproductive_participation_rate,death_rate,mean_hunger_multiplier,mean_thirst_multiplier,mean_signal_probability,mean_age,mean_generation,p0_action_opportunities,p2_action_opportunities,p0_living_agent_ticks,p2_living_agent_ticks,mean_hunger_multiplier_equal_present_tick_mean,mean_thirst_multiplier_equal_present_tick_mean,mean_signal_probability_equal_present_tick_mean,mean_age_equal_present_tick_mean,mean_generation_equal_present_tick_mean
0,1000,-0.8828468930484475,-0.009415816741398136,0.005147720496557705,0.0001870169550443057,0.014747384638200467,0.003298582099615935,-67.2524539936206,8.14018075463193,172,600600,173,601117,6.80967283733791e-05,0.014490936520325959,0.0031009943216530472,-61.6244080734135,9.163156630473557
0,2000,-0.5847929613944047,0.0025646657217756556,-0.002307690459123695,-0.001945791847305589,0.0060383039764074775,-0.00019713660503842267,-16.07921215734396,10.136819751645483,13542,501547,13597,501264,0.004861977296722553,0.007881645613447064,-0.0009296395098375848,-27.036776004419835,0.7199637185827257
0,3000,0.02005098495581331,0.0017839668001122348,-0.0016293450749039397,0.001438571299405611,0.0022018821010526546,-0.0005348369648543322,18.697182588202423,4.888042824357925,254808,241232,255199,241041,0.0025118991579816674,0.0056810074808243405,0.0019859136202721173,16.451933782852066,-1.2430907372821594
0,4000,0.6817871763129069,0.0010936142445347827,-0.0016445101737914344,0.00181328235798639,-0.0014535504276846911,0.0007359151735280012,14.189509792808195,3.762435251749821,605545,58748,605725,58622,0.0006959796285993525,0.0016068078720349321,-5.511260130153239e-06,12.551303718339952,-0.9875638576839947
0,5000,0.9052378395720837,0.004800736612645075,-0.0034243007510118915,-0.012763782270048485,-0.010523686276379673,0.0005732167556599804,43.648707223328316,3.27014950989242,720375,3091,720527,3079,-0.00866471823967363,0.013864146792572307,-0.0023047450613258996,50.721499370643386,-3.5049820713827273
1,1000,-0.8557025964641691,0.0007081109944352664,-0.0017315741223768739,0.004019657390777254,0.001857067395498735,0.0009626295725052997,30.005742569197977,2.0247887660964174,3945,578057,3956,578570,0.008260190049245053,0.0013765644907692831,0.0007663343667037026,25.748074417067016,1.2075497092104346
1,2000,-0.462260389034454,0.002018778472388247,-0.0026828801016057294,-0.0031609801311194285,-0.006354498058680713,0.0016202546863122724,20.160487741552103,7.1178055786447345,89410,475519,89659,475156,-0.00035087425391944205,-0.00301650753967575,0.001655177790608739,28.266265061731474,-1.471414207299354
1,3000,0.4749342657953685,0.001587061743105687,-0.0016786058734112414,0.0007208201332571385,0.00044350373816048894,0.003638347732991709,18.600664520723697,4.579392502169512,498275,122644,498638,122459,0.003032538564617382,0.005952581061445805,0.003699633902042934,21.157055903390713,-1.021855828411347
1,4000,0.9067318859761802,0.003349085023275928,-0.004560895154563017,0.00350156242323052,-0.0021041466473631365,0.0037616788166602716,19.272870076886733,8.806484544817323,729061,10610,729188,10546,0.007008873669819171,0.011201242943240985,-0.0035038339463724782,21.268433563920766,0.5824897921805245
1,5000,0.9203764868231221,0.0020835883613031358,0.0002801254121422934,0.009226231632502468,-0.009568411844615432,-0.004578166881881188,30.219367107150617,-3.596802094777516,787535,9759,787598,9762,0.01170139996357955,-0.011935933460545778,-0.004296207455948553,32.12503124458371,-2.5470899210873625
2,1000,-0.9062583919826024,-0.0013436898450246738,0.0005131765379874963,0.002646689282673531,0.0041031926532206775,0.0010453198526276936,-38.75900882433807,8.249068033937505,1593,607162,1599,607765,0.0017386754808594862,0.0018869994562558112,-0.00038827500659664727,-35.8835687201766,8.262209683448171
2,2000,-0.5227752195208778,0.002272390909201949,-0.0024260711758190166,-0.0037685001601595047,-0.004189661457536187,-0.003041986093058363,5.884668038501545,8.641558076182129,81404,510923,81663,510518,0.0007462146496196587,-0.0009516270640453905,0.0005091680863735792,-4.943433037712921,1.25206663543009
2,3000,0.5075604343726265,0.0019162857911318148,-0.0017569225505628264,-0.0004612628821245579,-0.0008459432910773446,0.004126901102356001,12.223116037397716,6.627792764192847,524358,129129,524743,128876,0.0019138358499308783,0.002530216901050819,0.0034220751952162426,10.856588752492044,-0.010637844929149765
2,4000,0.8547518910543868,0.00248688572660123,-0.001031583369384012,0.005741750428197023,0.004329715572248927,-0.01141963510539308,16.254510788475585,2.6068687093635106,693322,21723,693391,21686,0.005527043759662953,0.005566368240587871,-0.01420042662965966,14.665634622502083,-1.2013395283278356
2,5000,0.9446168961386281,0.004950688517570887,-0.003949935759451035,-0.00047011625338544416,-0.0010867441078775686,-0.0389053424790107,19.473779421666237,6.503612602444818,751805,1995,751861,1987,0.003965945740615817,0.01674325436483215,-0.03294414298192605,37.143570986832216,0.6914219189214919
3,1000,-0.8554374327549973,0.0006641263383031001,-0.0019399982596915713,-0.004640690840848838,-0.0008100394725333304,0.005234721882144147,6.312641631636993,6.196727616107202,9467,582528,9507,583020,-0.0026103149676993675,3.10261692217928e-05,0.0034219978942488793,-2.0382600516276312,3.9260071171265185
3,2000,-0.36493906427564293,0.0017645824421225129,-0.0019558477432650634,-0.003839156001922195,-0.0023797641891991628,0.00544066559992222,15.267483757951936,6.2315377866032335,144329,444085,144655,443773,-0.0024318485237269094,-0.0008336815600770153,0.007164237948709393,18.08838265580684,-0.44807684898538724
3,3000,0.6205349123843787,0.001947304747518773,-0.002254863016585164,-0.005955456839635942,-0.0033653433787570464,0.004671990625757308,15.95538628898278,6.293964875921056,576780,99548,577079,99289,0.0009058496515423897,-0.0004077145909648916,0.00535556300377249,19.017282100921364,-0.8159751661710928
3,4000,0.9200004177240078,0.00220001704861794,-0.0008807897822914641,0.012497231341074277,0.0028893797793355658,0.005170834713415395,23.236708454733957,0.8351814859632185,731180,11340,731303,11327,0.010619506209080143,0.011150978786398369,0.0056178331984556296,19.628258123274804,-2.238599130452343
3,5000,0.9363234492796321,-0.0005369145581667831,-0.0018735584404877496,0.01867218649176161,0.001882347270309781,-0.0007385690626593167,41.3170492406184,-2.433579206819374,760258,3244,760221,3244,0.017764708902297532,0.005805329315353269,-0.0002056683615747068,52.595696530639316,-4.353314123125955
4,1000,-0.8573670501813346,-0.003463008163845843,0.00433544927503299,-0.0014634640895163642,0.0011694205484604758,0.0045577863240346544,-41.36387411929048,1.4479220654474396,1013,584819,1014,585342,-0.00220088650252126,0.0017361919576639462,0.007347167289728979,-41.002679256319944,4.3673670344137
4,2000,-0.5677050739339694,0.0020464773070219735,-0.002381800309961101,0.0011872704564505066,0.0007814685373439545,0.0043298138099696765,-2.168188678529148,9.452226251198312,45866,514457,46015,514169,0.0026507002402340607,0.0008065046183465263,0.003363350168429008,-16.495449010086347,2.5863804114682196
4,3000,0.20585642574239743,0.0016210334432411443,-0.0018004106934221943,0.0008337937176426946,-0.004128127685281258,-0.002060803862457633,19.084101150974007,5.369305921433572,358522,201712,358955,201446,0.0015857172764754957,-0.0005946897658601902,-0.003334852737983812,21.66328171523314,-1.227567338238572
4,4000,0.8842188198030723,0.0016782526003922115,-0.0019872852412542562,-0.002223700472243406,-0.007275519858756074,0.012458686128461086,6.495166462087127,6.426194438503487,703488,20147,703675,20080,0.00023854493092401174,-0.0008303619604939083,0.005155445442655962,-2.597934406539835,-0.7702883899114994
4,5000,0.9411886843312282,0.0018119448570156696,-0.001486020278784866,-0.005871473907526736,0.03339719011793385,-0.014626151124963446,30.793725857310505,3.0661150036423663,759908,2212,759925,2211,-0.003124577536012918,0.051873570863985585,-0.00408422631766793,36.67882777731967,-0.10132806280296336
5,1000,-0.9025201363969415,0.0015831874069650934,0.0029581682387609344,-0.0006404833839657176,5.939263237886294e-07,0.0013481456376538276,-38.08480343534242,8.172456531036765,1597,614350,1598,614959,-0.001910944242402568,-2.441659682650421e-05,0.0023419960334898904,-30.57602320257911,7.522533904380358
5,2000,-0.6883708513006095,0.0015534881728916441,-0.001585264106574496,0.006763596876945166,-0.010555371782338674,-0.004893782606276237,-11.337056625721146,9.806166111882156,13570,589043,13621,588812,-0.0018917131594963221,-0.006867781205816437,-0.005259560026111373,31.33467924315873,-0.09791564979938983
5,3000,-0.2032260714259078,0.0016988393161102705,-0.0020199206972813695,0.0006695164427811262,-0.0020203842112619386,-0.0040085781115128255,6.299091072890377,6.689941186301795,169306,336068,169655,335759,0.002656874835092582,-0.000672180777860687,-0.008386145985974175,6.592003896952903,-0.6608396090327062
5,4000,0.6731443558390111,0.0016499603154175643,-0.0018646717820100306,-0.002167293699726125,-0.006540816790956638,-0.005762680711810755,13.69289123473061,5.317443792949888,591610,68996,591932,68841,6.391622149914955e-05,-0.004026339821478042,-0.0037982238948234825,10.126893340437746,-0.9322003971363273
5,5000,0.9245286270291482,0.0017202193221476335,-0.0007737018947889841,0.012032242662812553,0.006077274910596953,-0.005037339960016554,11.851632656917062,2.308594159017005,736195,8029,736207,8021,0.013606062552223852,0.00944944310361262,-0.006581637684815969,24.8951259783681,-0.6005557817666585
6,1000,-0.8558513438431468,0.0020145398104508584,0.00041241352216961954,-0.002378686049582357,0.0010388484182544122,0.00534259703133963,-60.24198436033857,9.568744093978205,576,567358,581,567857,-0.00362465852971694,0.0023434120315830587,0.0033731139895262774,-58.493102520476356,9.191250062656744
6,2000,-0.6138713813025125,0.0019259530031354097,-0.0022707248528364065,0.0054436131164272705,-0.0004022663599438925,-0.0023080963004771388,22.518292034305944,6.657056846741007,28841,542021,28928,541810,0.002049161514738662,0.0027603799712657695,-0.005185022336064327,10.987898551293455,-0.8194297696070265
6,3000,0.16252195823521565,0.0017276525706984985,-0.0018601590292217215,0.003064083145101648,-0.0010077710976608145,-0.0033022653171284055,13.672052226150157,5.965958644325852,352035,229404,352528,229078,0.005048224951588076,0.0011794078363347449,-0.0024196650367577927,11.905866829040292,-1.0201952489511967
6,4000,0.8395935718377037,0.0015995613093502097,-0.001530342890634107,0.003768137948754968,-0.00949046890501215,-0.0052702182613525855,26.79638144813154,2.4650913776063987,690326,32931,690448,32876,0.0035770571884168323,-0.009539309073950952,-0.005642588469312815,28.383193084116044,-1.670606112560094
6,5000,0.9400591471050556,0.0033876830398474004,-0.005178611862408562,0.01484302040232699,0.0030574313832681943,0.00607244557364775,54.8347006100805,2.0675825850540406,772448,1958,772521,1952,0.017337637129373196,0.005849020476143774,0.004154313374495927,53.634988169138715,-0.7769910724044422
7,1000,-0.8218276835109849,0.0007604413629365616,-0.00043301484747372294,0.0010694408357054819,-0.01281403357472699,-0.0002569508786522956,-22.51132941525104,6.841579447854517,6124,563568,6146,564053,0.0008216717611631008,-0.009409317175329557,-0.004941646448042097,-26.10127931785378,5.14669433278538
7,2000,-0.2710769852117534,0.0023516868096185965,-0.0022341132713006523,-0.00039856049291653317,-0.004264517425867531,-0.0011375631601853453,9.259912496892028,8.190164326222707,177200,400388,177641,399990,0.00024764368556584593,-0.004044947958886103,-0.00028151714622498547,7.293062958014772,-0.26874791338737225
7,3000,0.6771901402244942,0.002063675207456971,-0.0017961589252261283,-0.0008685613767465128,0.004565159163303245,0.0012098909934033092,18.583570749124377,4.0934866965455114,603505,75210,603734,75042,0.0043497343808542865,0.006938099568990386,-8.18585692709678e-05,17.316695586014433,-0.5886667260654121
7,4000,0.9217337865991624,0.003834952082543733,-0.002652570389185635,0.002184121048793619,0.009546339960209926,-0.004451384092569968,17.062870261723305,5.806436778050653,723750,4402,723780,4386,-0.004263285515259896,0.0071469601128320015,-0.007371473567070075,21.446060896796652,0.8042122383957917
7,5000,0.9384639472670753,0.0038798279914648397,-0.00178959856431003,0.0010411187749682638,0.018742189966826972,-0.005412223321340406,55.61262677053291,-2.161419999078049,752205,1676,752221,1676,-0.0005021107530712721,0.029774255681907835,-0.015269434115201125,57.67219875221948,-4.467079980330908
8,1000,-0.8497674555757739,0.0007742813639824431,-0.0031310930991940507,0.00024929540252560667,0.0049956151296114415,-0.007625860983961036,-6.731290971749374,8.41763094473239,7543,567954,7583,568400,0.002127759062715451,0.0035732644596476737,-0.004004891422167062,-20.01643288262163,5.6234338857040385
8,2000,-0.29967804198347703,0.0020234622095414902,-0.0017125719253818228,-0.0002922392861651746,-0.0004949620470201532,0.000545995570712568,5.298884479578831,6.1580440151202325,145397,394648,145692,394336,-0.001284047151476675,0.0052704697883958485,-0.0013047228713919806,7.6882502898867955,-0.8172989460313786
8,3000,0.5310546400053996,0.0017187258426800637,-0.0016420214218367665,0.00018541219698020583,-0.002689654601954583,-0.0003080581884475492,15.636150531623812,5.091210823372691,535541,123950,535886,123744,0.004349260181413017,0.0026876647114943975,-0.0037926091685786256,12.984599880101626,-1.2307407046440062
8,4000,0.9123610222656026,0.0023396323135119503,-0.0018228158715869807,0.005239303274857221,-0.007472597474731724,-0.008874532943226182,20.870220770727272,6.1772648302978865,737485,11775,737583,11747,0.0014920142530474578,-0.004918050357027415,-0.00727726112243926,20.72090415319488,2.298393578746186
8,5000,0.9409787997485832,,,,,,,,788502,0,788539,0,,,,,
9,1000,-0.8719777225056308,-0.0061301084950273425,0.0013388737273757343,-0.0015958375615482412,-0.00545547906357613,-0.0006527224805397136,-45.005193834705395,0.037586300963411645,763,584537,766,585059,-0.0012670142695577757,-0.007826295439953723,-0.000591887966578511,-38.04829485460107,2.022544305979361
9,2000,-0.6180291766782631,0.0016917663986873253,-0.0019028488901024652,0.0008432963350359923,0.002132556733919766,-0.003395788010966752,1.9573014666115114,6.080316270597834,31578,550848,31666,550686,-0.0002203733165367927,-0.0006505395725774354,-0.00269003337850722,-1.1533814509548677,-0.6573666517256527
9,3000,0.005344321171515731,0.001737211487586831,-0.00193026142857024,-0.0021378245218206526,0.0025065221957644157,-0.002594942289246449,13.584814749491358,5.467089914756947,273082,273695,273493,273351,0.0002574645470199144,0.0025298973332871233,-0.0017162458723474494,11.712326443260508,-0.7236176773550511
9,4000,0.8066358266369481,0.0018374519159098657,-0.002014324146183773,-0.005193523720576576,0.0009940937263475114,-0.0029255977648351833,7.263913602062232,5.835377159502983,657037,38398,657287,38288,0.0028874178497432235,0.004989746327830891,-0.006371056872875203,6.423190443950503,-0.42170590872738956
9,5000,0.9419092447758518,0.0018904106809399593,-0.0005187206417090959,0.0035640158592132876,0.03408621728220562,0.002339884727465172,20.698101501277094,5.334163663298469,731423,4040,731421,4034,0.023124393343701644,0.03518931710064488,-0.0034276266469169675,15.6028418437988,3.3265918481413053
