window_end,metric,mean,std,min,max,n,positive,negative,zero,expected_seeds,missing,p0_action_opportunities_median,p0_action_opportunities_min,p0_action_opportunities_max,p0_living_agent_ticks_median,p0_living_agent_ticks_min,p0_living_agent_ticks_max,p2_action_opportunities_median,p2_action_opportunities_min,p2_action_opportunities_max,p2_living_agent_ticks_median,p2_living_agent_ticks_min,p2_living_agent_ticks_max
1000,population_share,-0.8659556706264031,0.02556865755290462,-0.9062583919826024,-0.8218276835109849,10,0,10,0,10,0,1595.0,172,9467,1598.5,173,9507,583532.5,563568,614350,584039.5,564053,614959
1000,reproductive_participation_rate,-0.0013847935968222672,0.0037938891015991206,-0.009415816741398136,0.0020145398104508584,10,6,4,0,10,0,1595.0,172,9467,1598.5,173,9507,583532.5,563568,614350,584039.5,564053,614959
1000,death_rate,0.0007470121469148262,0.002737493593145347,-0.0031310930991940507,0.005147720496557705,10,6,4,0,10,0,1595.0,172,9467,1598.5,173,9507,583532.5,563568,614350,584039.5,564053,614959
1000,mean_hunger_multiplier,-0.0002547062058735339,0.002495495650111249,-0.004640690840848838,0.004019657390777254,10,5,5,0,10,0,1595.0,172,9467,1598.5,173,9507,583532.5,563568,614350,584039.5,564053,614959
1000,mean_thirst_multiplier,0.0008832570598733547,0.007086682393643345,-0.01281403357472699,0.014747384638200467,10,7,3,0,10,0,1595.0,172,9467,1598.5,173,9507,583532.5,563568,614350,584039.5,564053,614959
1000,mean_signal_probability,0.0013254248056768143,0.0038371702420306963,-0.007625860983961036,0.00534259703133963,10,7,3,0,10,0,1595.0,172,9467,1598.5,173,9507,583532.5,563568,614350,584039.5,564053,614959
1000,mean_age,-28.363155475380097,30.347465931781866,-67.2524539936206,30.005742569197977,10,2,8,0,10,0,1595.0,172,9467,1598.5,173,9507,583532.5,563568,614350,584039.5,564053,614959
1000,mean_generation,5.909668455478578,3.426669531349961,0.037586300963411645,9.568744093978205,10,10,0,0,10,0,1595.0,172,9467,1598.5,173,9507,583532.5,563568,614350,584039.5,564053,614959
2000,population_share,-0.49934991446359644,0.14409481124720366,-0.6883708513006095,-0.2710769852117534,10,0,10,0,10,0,63635.0,13542,177200,63839.0,13597,177641,506235.0,394648,589043,505891.0,394336,588812
2000,reproductive_participation_rate,0.0020213251446384805,0.00031100706928063724,0.0015534881728916441,0.0025646657217756556,10,10,0,0,10,0,63635.0,13542,177200,63839.0,13597,177641,506235.0,394648,589043,505891.0,394336,588812
2000,death_rate,-0.002145981283597045,0.0003446916355872378,-0.0026828801016057294,-0.001585264106574496,10,0,10,0,10,0,63635.0,13542,177200,63839.0,13597,177641,506235.0,394648,589043,505891.0,394336,588812
2000,mean_hunger_multiplier,8.325488652705104e-05,0.003657465430728753,-0.003839156001922195,0.006763596876945166,10,4,6,0,10,0,63635.0,13542,177200,63839.0,13597,177641,506235.0,394648,589043,505891.0,394336,588812
2000,mean_thirst_multiplier,-0.0019688712072915117,0.004672140149566437,-0.010555371782338674,0.0060383039764074775,10,3,7,0,10,0,63635.0,13542,177200,63839.0,13597,177641,506235.0,394648,589043,505891.0,394336,588812
2000,mean_signal_probability,-0.00030376231090855217,0.0033622600850496346,-0.004893782606276237,0.00544066559992222,10,4,6,0,10,0,63635.0,13542,177200,63839.0,13597,177641,506235.0,394648,589043,505891.0,394336,588812
2000,mean_age,5.076257255379964,12.618268885517075,-16.07921215734396,22.518292034305944,10,7,3,0,10,0,63635.0,13542,177200,63839.0,13597,177641,506235.0,394648,589043,505891.0,394336,588812
2000,mean_generation,7.8471695014837834,1.596475032482219,6.080316270597834,10.136819751645483,10,10,0,0,10,0,63635.0,13542,177200,63839.0,13597,177641,506235.0,394648,589043,505891.0,394336,588812
3000,population_share,0.3001822011461302,0.30152895595170287,-0.2032260714259078,0.6771901402244942,10,9,1,0,10,0,428398.5,169306,603505,428796.5,169655,603734,165420.5,75210,336068,165161.0,75042,335759
3000,reproductive_participation_rate,0.0017801756949642287,0.00015072416742120293,0.001587061743105687,0.002063675207456971,10,10,0,0,10,0,428398.5,169306,603505,428796.5,169655,603734,165420.5,75210,336068,165161.0,75042,335759
3000,death_rate,-0.0018368668711021593,0.00019233894313999456,-0.002254863016585164,-0.0016293450749039397,10,0,10,0,10,0,428398.5,169306,603505,428796.5,169655,603734,165420.5,75210,336068,165161.0,75042,335759
3000,mean_hunger_multiplier,-0.0002510908685159241,0.0024388060012488625,-0.005955456839635942,0.003064083145101648,10,6,4,0,10,0,428398.5,169306,603505,428796.5,169655,603734,165420.5,75210,336068,165161.0,75042,335759
3000,mean_thirst_multiplier,-0.00043401570677121805,0.00282250886896489,-0.004128127685281258,0.004565159163303245,10,4,6,0,10,0,428398.5,169306,603505,428796.5,169655,603734,165420.5,75210,336068,165161.0,75042,335759
3000,mean_signal_probability,8.376457208611327e-05,0.003194183910620485,-0.0040085781115128255,0.004671990625757308,10,4,6,0,10,0,428398.5,169306,603505,428796.5,169655,603734,165420.5,75210,336068,165161.0,75042,335759
3000,mean_age,15.233612991556068,4.001535830867389,6.299091072890377,19.084101150974007,10,10,0,0,10,0,428398.5,169306,603505,428796.5,169655,603734,165420.5,75210,336068,165161.0,75042,335759
3000,mean_generation,5.5066186153377705,0.8768946596458157,4.0934866965455114,6.689941186301795,10,10,0,0,10,0,428398.5,169306,603505,428796.5,169655,603734,165420.5,75210,336068,165161.0,75042,335759
4000,population_share,0.840095875404898,0.09364709645265223,0.6731443558390111,0.9217337865991624,10,10,0,0,10,0,698405.0,591610,737485,698533.0,591932,737583,20935.0,4402,68996,20883.0,4386,68841
4000,reproductive_participation_rate,0.0022069412580155417,0.000842325133432826,0.0010936142445347827,0.003834952082543733,10,10,0,0,10,0,698405.0,591610,737485,698533.0,591932,737583,20935.0,4402,68996,20883.0,4386,68841
4000,death_rate,-0.0019989788800884715,0.0010312618788886052,-0.004560895154563017,-0.0008807897822914641,10,0,10,0,10,0,698405.0,591610,737485,698533.0,591932,737583,20935.0,4402,68996,20883.0,4386,68841
4000,mean_hunger_multiplier,0.002516087093034791,0.004993603914098646,-0.005193523720576576,0.012497231341074277,10,7,3,0,10,0,698405.0,591610,737485,698533.0,591932,737583,20935.0,4402,68996,20883.0,4386,68841
4000,mean_thirst_multiplier,-0.0016577571066362484,0.006145446586215577,-0.00949046890501215,0.009546339960209926,10,4,6,0,10,0,698405.0,591610,737485,698533.0,591932,737583,20935.0,4402,68996,20883.0,4386,68841
4000,mean_signal_probability,-0.0016576934047123001,0.007208727342862027,-0.01141963510539308,0.012458686128461086,10,4,6,0,10,0,698405.0,591610,737485,698533.0,591932,737583,20935.0,4402,68996,20883.0,4386,68841
4000,mean_age,16.513504289236657,6.4737231661972405,6.495166462087127,26.79638144813154,10,10,0,0,10,0,698405.0,591610,737485,698533.0,591932,737583,20935.0,4402,68996,20883.0,4386,68841
4000,mean_generation,4.803877836880517,2.357111068771343,0.8351814859632185,8.806484544817323,10,10,0,0,10,0,698405.0,591610,737485,698533.0,591932,737583,20935.0,4402,68996,20883.0,4386,68841
5000,population_share,0.9333683122070408,0.01263272894474941,0.9052378395720837,0.9446168961386281,10,10,0,0,10,0,756056.5,720375,788502,756073.0,720527,788539,2651.5,0,9759,2645.0,0,9762
5000,reproductive_participation_rate,0.0026653538694186465,0.0017533688333710338,-0.0005369145581667831,0.004950688517570887,9,8,1,0,10,1,752205.0,720375,787535,752221.0,720527,787598,3091.0,1676,9759,3079.0,1676,9762
5000,death_rate,-0.0020793691978677692,0.0017712692871993084,-0.005178611862408562,0.0002801254121422934,9,1,8,0,10,1,752205.0,720375,787535,752221.0,720527,787598,3091.0,1676,9759,3079.0,1676,9762
5000,mean_hunger_multiplier,0.0044748270436249455,0.010186037093560878,-0.012763782270048485,0.01867218649176161,9,6,3,0,10,1,752205.0,720375,787535,752221.0,720527,787598,3091.0,1676,9759,3079.0,1676,9762
5000,mean_thirst_multiplier,0.008451534300252077,0.016729331247680664,-0.010523686276379673,0.03408621728220562,9,6,3,0,10,1,752205.0,720375,787535,752221.0,720527,787598,3091.0,1676,9759,3079.0,1676,9762
5000,mean_signal_probability,-0.006701360641455412,0.013426774299701395,-0.0389053424790107,0.00607244557364775,9,3,6,0,10,1,752205.0,720375,787535,752221.0,720527,787598,3091.0,1676,9759,3079.0,1676,9762
5000,mean_age,34.27218782098685,15.613437774436465,11.851632656917062,55.61262677053291,9,9,0,0,10,1,752205.0,720375,787535,752221.0,720527,787598,3091.0,1676,9759,3079.0,1676,9762
5000,mean_generation,1.5953795802971311,3.5544624781642806,-3.596802094777516,6.503612602444818,9,6,3,0,10,1,752205.0,720375,787535,752221.0,720527,787598,3091.0,1676,9759,3079.0,1676,9762
