seed,population_share,reproductive_participation_rate,death_rate,mean_hunger_multiplier,mean_thirst_multiplier,mean_signal_probability,mean_age,mean_generation,population_share_first,population_share_second,reproductive_participation_rate_first,reproductive_participation_rate_second,death_rate_first,death_rate_second,mean_hunger_multiplier_first,mean_hunger_multiplier_second,mean_thirst_multiplier_first,mean_thirst_multiplier_second,mean_signal_probability_first,mean_signal_probability_second,mean_age_first,mean_age_second,mean_generation_first,mean_generation_second,p0_action_opportunities_first,p0_action_opportunities_second,p0_living_agent_ticks_first,p0_living_agent_ticks_second,p2_action_opportunities_first,p2_action_opportunities_second,p2_living_agent_ticks_first,p2_living_agent_ticks_second,comparison
0,0.2980539316540428,0.011980482463173792,-0.0074554109556814,-0.002132808802349895,-0.00870908066179299,-0.0034957187046543575,51.173241836276645,1.9966389970135534,-0.8828468930484475,-0.5847929613944047,-0.009415816741398136,0.0025646657217756556,0.005147720496557705,-0.002307690459123695,0.0001870169550443057,-0.001945791847305589,0.014747384638200467,0.0060383039764074775,0.003298582099615935,-0.00019713660503842267,-67.2524539936206,-16.07921215734396,8.14018075463193,10.136819751645483,172,13542,173,13597,600600,501547,601117,501264,second_window_gap_minus_first_window_gap
1,0.39344220742971514,0.0013106674779529807,-0.0009513059792288555,-0.007180637521896682,-0.008211565454179448,0.0006576251138069727,-9.845254827645874,5.093016812548317,-0.8557025964641691,-0.462260389034454,0.0007081109944352664,0.002018778472388247,-0.0017315741223768739,-0.0026828801016057294,0.004019657390777254,-0.0031609801311194285,0.001857067395498735,-0.006354498058680713,0.0009626295725052997,0.0016202546863122724,30.005742569197977,20.160487741552103,2.0247887660964174,7.1178055786447345,3945,89410,3956,89659,578057,475519,578570,475156,second_window_gap_minus_first_window_gap
2,0.3834831724617246,0.003616080754226623,-0.002939247713806513,-0.006415189442833036,-0.008292854110756864,-0.004087305945686057,44.64367686283961,0.39249004224462425,-0.9062583919826024,-0.5227752195208778,-0.0013436898450246738,0.002272390909201949,0.0005131765379874963,-0.0024260711758190166,0.002646689282673531,-0.0037685001601595047,0.0041031926532206775,-0.004189661457536187,0.0010453198526276936,-0.003041986093058363,-38.75900882433807,5.884668038501545,8.249068033937505,8.641558076182129,1593,81404,1599,81663,607162,510923,607765,510518,second_window_gap_minus_first_window_gap
3,0.49049836847935435,0.0011004561038194128,-1.5849483573492085e-05,0.000801534838926643,-0.0015697247166658324,0.0002059437177780732,8.954842126314944,0.034810170496031745,-0.8554374327549973,-0.36493906427564293,0.0006641263383031001,0.0017645824421225129,-0.0019399982596915713,-0.0019558477432650634,-0.004640690840848838,-0.003839156001922195,-0.0008100394725333304,-0.0023797641891991628,0.005234721882144147,0.00544066559992222,6.312641631636993,15.267483757951936,6.196727616107202,6.2315377866032335,9467,144329,9507,144655,582528,444085,583020,443773,second_window_gap_minus_first_window_gap
4,0.2896619762473652,0.005509485470867817,-0.006717249584994091,0.0026507345459668707,-0.00038795201111652133,-0.00022797251406497798,39.19568544076133,8.004304185750872,-0.8573670501813346,-0.5677050739339694,-0.003463008163845843,0.0020464773070219735,0.00433544927503299,-0.002381800309961101,-0.0014634640895163642,0.0011872704564505066,0.0011694205484604758,0.0007814685373439545,0.0045577863240346544,0.0043298138099696765,-41.36387411929048,-2.168188678529148,1.4479220654474396,9.452226251198312,1013,45866,1014,46015,584819,514457,585342,514169,second_window_gap_minus_first_window_gap
5,0.21414928509633202,-2.969923407344921e-05,-0.00454343234533543,0.0074040802609108836,-0.010555965708662463,-0.006241928243930064,26.747746809621276,1.633709580845391,-0.9025201363969415,-0.6883708513006095,0.0015831874069650934,0.0015534881728916441,0.0029581682387609344,-0.001585264106574496,-0.0006404833839657176,0.006763596876945166,5.939263237886294e-07,-0.010555371782338674,0.0013481456376538276,-0.004893782606276237,-38.08480343534242,-11.337056625721146,8.172456531036765,9.806166111882156,1597,13570,1598,13621,614350,589043,614959,588812,second_window_gap_minus_first_window_gap
6,0.24197996254063425,-8.858680731544874e-05,-0.002683138375006026,0.007822299166009627,-0.0014411147781983047,-0.007650693331816769,82.7602763946445,-2.9116872472371984,-0.8558513438431468,-0.6138713813025125,0.0020145398104508584,0.0019259530031354097,0.00041241352216961954,-0.0022707248528364065,-0.002378686049582357,0.0054436131164272705,0.0010388484182544122,-0.0004022663599438925,0.00534259703133963,-0.0023080963004771388,-60.24198436033857,22.518292034305944,9.568744093978205,6.657056846741007,576,28841,581,28928,567358,542021,567857,541810,second_window_gap_minus_first_window_gap
7,0.5507506982992315,0.001591245446682035,-0.0018010984238269294,-0.001468001328622015,0.00854951614885946,-0.0008806122815330497,31.77124191214307,1.3485848783681895,-0.8218276835109849,-0.2710769852117534,0.0007604413629365616,0.0023516868096185965,-0.00043301484747372294,-0.0022341132713006523,0.0010694408357054819,-0.00039856049291653317,-0.01281403357472699,-0.004264517425867531,-0.0002569508786522956,-0.0011375631601853453,-22.51132941525104,9.259912496892028,6.841579447854517,8.190164326222707,6124,177200,6146,177641,563568,400388,564053,399990,second_window_gap_minus_first_window_gap
8,0.5500894135922969,0.0012491808455590472,0.001418521173812228,-0.0005415346886907813,-0.005490577176631595,0.008171856554673604,12.030175451328205,-2.2595869296121567,-0.8497674555757739,-0.29967804198347703,0.0007742813639824431,0.0020234622095414902,-0.0031310930991940507,-0.0017125719253818228,0.00024929540252560667,-0.0002922392861651746,0.0049956151296114415,-0.0004949620470201532,-0.007625860983961036,0.000545995570712568,-6.731290971749374,5.298884479578831,8.41763094473239,6.1580440151202325,7543,145397,7583,145692,567954,394648,568400,394336,second_window_gap_minus_first_window_gap
9,0.2539485458273677,0.007821874893714668,-0.0032417226174781995,0.0024391338965842335,0.007588035797495896,-0.0027430655304270385,46.962495301316906,6.042729969634422,-0.8719777225056308,-0.6180291766782631,-0.0061301084950273425,0.0016917663986873253,0.0013388737273757343,-0.0019028488901024652,-0.0015958375615482412,0.0008432963350359923,-0.00545547906357613,0.002132556733919766,-0.0006527224805397136,-0.003395788010966752,-45.005193834705395,1.9573014666115114,0.037586300963411645,6.080316270597834,763,31578,766,31666,584537,550848,585059,550686,second_window_gap_minus_first_window_gap
