seed,perception_radius,window_start,window_end,observed_ticks,complete_window,present_ticks,action_opportunities,living_agent_ticks,successful_parent_participations,deaths,population_share,population_share_valid_ticks,reproductive_participation_rate,death_rate,mean_hunger_multiplier,mean_hunger_multiplier_valid_living_exposure,mean_hunger_multiplier_valid_ticks,mean_hunger_multiplier_equal_present_tick_mean,mean_thirst_multiplier,mean_thirst_multiplier_valid_living_exposure,mean_thirst_multiplier_valid_ticks,mean_thirst_multiplier_equal_present_tick_mean,mean_signal_probability,mean_signal_probability_valid_living_exposure,mean_signal_probability_valid_ticks,mean_signal_probability_equal_present_tick_mean,mean_age,mean_age_valid_living_exposure,mean_age_valid_ticks,mean_age_equal_present_tick_mean,mean_generation,mean_generation_valid_living_exposure,mean_generation_valid_ticks,mean_generation_equal_present_tick_mean
0,0,0,1000,1000,True,173,172,173,1,2,0.00020966171618307954,1000,0.005813953488372093,0.011627906976744186,0.998979020494393,173,173,0.998979020494393,1.0121547902646606,173,173,1.0121547902646606,0.10126774432308151,173,173,0.10126774432308151,30.161849710982658,173,173,30.161849710982658,18.895953757225435,173,173,18.895953757225435
0,0,1000,2000,1000,True,1000,13542,13597,228,71,0.016384405725090187,1000,0.016836508639787327,0.005242947865898686,0.9917144316137088,13597,1000,0.9982034917406251,0.9967272942005434,13597,1000,0.9981270558101727,0.09497413583184354,13597,1000,0.09406377049138552,84.71846730896522,13597,1000,73.82027015921355,45.7721556225638,13597,1000,37.76103785861597
0,0,2000,3000,1000,True,1000,254808,255199,4010,1540,0.3225649000634358,1000,0.01573733948698628,0.006043766286772786,0.9934598187123456,255199,1000,0.9937707645607871,0.9813275543532841,255199,1000,0.98378331441249,0.09187725931251241,255199,1000,0.09406646856255933,116.97912217524363,255199,1000,114.14336388882367,68.63421878612377,255199,1000,64.74797962135952
0,0,3000,4000,1000,True,1000,605545,605725,9001,4261,0.7548957245090725,1000,0.014864295799651553,0.007036636418432982,0.9860685701215102,605725,1000,0.9863536088738257,0.9662035391398935,605725,1000,0.9667521362747488,0.09056356118277108,605725,1000,0.09069058348294516,111.24986256139337,605725,1000,111.34748058804654,94.38186140575344,605725,1000,93.50132094742527
0,0,4000,5000,1000,True,1000,720375,720527,10450,4991,0.909247021812616,1000,0.014506333506854069,0.006928335936144369,0.9780324125719579,720527,1000,0.9781971543541474,0.9415677784654061,720527,1000,0.9421442733319919,0.08620277565466114,720527,1000,0.08621208125954931,114.4518900749035,720527,1000,114.57091948408139,121.31854184506618,720527,1000,120.89045247982375
0,1,0,1000,1000,True,916,37966,38058,551,259,0.0476739096355222,1000,0.014512985302639203,0.00682189327292841,0.99727693406522,38058,916,0.9980329337612635,0.9982283669231445,38058,916,0.999834094273758,0.0993873093428018,38058,916,0.09813080745217811,72.47918965789059,38058,916,65.22012151262419,15.352383204582479,38058,916,11.510922699837225
0,1,1000,2000,1000,True,1000,156685,156816,2264,1056,0.18807071579068518,1000,0.014449372945719118,0.006739636851006797,0.9943187985483519,156816,1000,0.9949952355464481,0.9912421383860871,156816,1000,0.9918386660285075,0.09483841454520991,156816,1000,0.09525268547489522,92.50577109478624,156816,1000,90.90035837627221,39.36864223038465,156816,1000,37.51189735997749
0,1,2000,3000,1000,True,1000,142219,142077,1916,1135,0.1782448344145828,1000,0.013472180229083315,0.00798064956159163,0.9914696393120462,142077,1000,0.9909328371041952,0.9803323388046051,142077,1000,0.9787599614449252,0.09083625600887446,142077,1000,0.0902793413164965,90.41341666842628,142077,1000,89.99925890325336,63.09693335304096,142077,1000,65.88635178069397
0,1,3000,4000,1000,True,1000,66464,66446,866,519,0.08283579480524618,1000,0.01302961001444391,0.007808738565238325,0.9866029207698959,66446,1000,0.9864268056886194,0.9647866133456865,66446,1000,0.9641379766868935,0.08954963414964463,66446,1000,0.08963731295169788,90.95965144628721,66446,1000,90.81497543187223,93.89982843211028,66446,1000,94.68832953287985
0,1,4000,5000,1000,True,1000,57950,57933,731,457,0.0735649485675803,1000,0.012614322691975842,0.007886108714408974,0.9797950044824449,57933,1000,0.9790557567634655,0.9481402713335216,57933,1000,0.9471558774435898,0.08132947133086764,57933,1000,0.08115112933918059,83.52072221359157,57933,1000,83.9079104445363,121.51136657863394,57933,1000,122.49722949781635
0,2,0,1000,1000,True,1000,600600,601117,9147,3892,0.8830565547646306,1000,0.015229770229770229,0.006480186480186481,0.9987920035393487,601117,1000,0.9989109237660196,0.9974074056264601,601117,1000,0.9976638537443346,0.09796916222346558,601117,1000,0.09816675000142847,97.41430370460327,601117,1000,91.78625778439616,10.755773002593505,601117,1000,9.732797126751878
0,2,1000,2000,1000,True,1000,501547,501264,7158,3787,0.6011773671194949,1000,0.014271842918011672,0.007550638325022381,0.9936602234610143,501264,1000,0.9933415144439025,0.9906889902241359,501264,1000,0.9902454101967256,0.09517127243688196,501264,1000,0.0949934100012231,100.79767946630918,501264,1000,100.85704616363338,35.63533587091832,501264,1000,37.041074140033245
0,2,2000,3000,1000,True,1000,241232,241041,3366,1851,0.3025139151076225,1000,0.013953372686874046,0.007673111361676726,0.99202124741294,241041,1000,0.9912588654028054,0.9791256722522315,241041,1000,0.9781023069316657,0.09241209627736674,241041,1000,0.09208055494228722,98.28193958704121,241041,1000,97.6914301059716,63.74617596176584,241041,1000,65.99107035864168
0,2,3000,4000,1000,True,1000,58748,58622,809,510,0.07310854819616563,1000,0.01377068155511677,0.008681146592224416,0.9842552877635238,58622,1000,0.9856576292452264,0.9676570895675782,58622,1000,0.9651453284027138,0.08982764600924308,58622,1000,0.09069609474307531,97.06035276858518,58622,1000,98.79617686970658,90.61942615400362,58622,1000,94.48888480510927
0,2,4000,5000,1000,True,779,3091,3079,30,32,0.0040091822405322105,1000,0.009705596894208994,0.01035263668715626,0.9907961948420064,3079,779,0.9868618725938211,0.9520914647417857,3079,779,0.9282801265394196,0.08562955889900116,3079,779,0.08851682632087521,70.80318285157519,3079,779,63.849420113438,118.04839233517376,3079,779,124.39543455120648
1,0,0,1000,1000,True,838,3945,3956,63,19,0.004876275755894145,1000,0.01596958174904943,0.004816223067173638,1.00113235141083,3956,838,1.005730384752032,1.0021277481605375,3956,838,1.0016096719985894,0.10023337334873916,3956,838,0.10012860457190043,124.69565217391305,3956,838,115.20858194112967,13.207280080889788,3956,838,11.076201496726556
1,0,1000,2000,1000,True,1000,89410,89659,1454,453,0.10994363128955033,1000,0.01626216306900794,0.005066547366066435,0.990124516400469,89659,1000,0.9928511567471583,0.9891243231934966,89659,1000,0.9920534284405806,0.10132368608571028,89659,1000,0.10160123039609877,114.39200749506463,89659,1000,122.4475829355389,42.83031262896084,89659,1000,35.97142306843704
1,0,2000,3000,1000,True,1000,498275,498638,7535,3332,0.6284835244916649,1000,0.015122171491646179,0.006687070392855351,0.9878692941810546,498638,1000,0.9883792212872008,0.9699105636033518,498638,1000,0.9721551753186277,0.10333536796977426,498638,1000,0.10346014420280895,109.37547078241128,498638,1000,109.76395293532701,66.65265783995603,498638,1000,64.60455129136392
1,0,3000,4000,1000,True,1000,729061,729188,10550,5058,0.9199928795808548,1000,0.014470668435151516,0.006937691084833779,0.9801871074797243,729188,1000,0.9801951255211157,0.9404463963358984,729188,1000,0.9407291804369624,0.1033564772201057,729188,1000,0.10334814282222478,117.65557441976554,729188,1000,117.59672562997302,92.49944870184369,729188,1000,92.24780889842657
1,0,4000,5000,1000,True,1000,787535,787598,11244,5466,0.9319454091203506,1000,0.014277460684287048,0.006940643907889808,0.9767475898093486,787598,1000,0.9767935643309349,0.8977960211824816,787598,1000,0.8980022987132634,0.1054983405277118,787598,1000,0.10552791579420054,116.56222717680848,787598,1000,116.54024437173433,119.30168182245257,787598,1000,119.18915708607214
1,1,0,1000,1000,True,943,28908,28955,419,207,0.03695008081670807,1000,0.014494257644942577,0.007160647571606476,0.9954117645203698,28955,943,0.9956948805951266,0.999823276674558,28955,943,0.9997770144830764,0.10069051328853065,28955,943,0.10024139661246878,79.70008634087377,28955,943,72.2172624819434,13.803039198756691,28955,943,11.0967957627177
1,1,1000,2000,1000,True,1000,74317,74358,1062,535,0.09028009988133329,1000,0.014290135500625698,0.007198891236190912,0.9926073818414095,74358,1000,0.9927306656578179,0.9893643352778129,74358,1000,0.9898573720574366,0.10283838019703473,74358,1000,0.10246095959764795,87.02381720863929,74358,1000,87.67566204789938,39.122354017052636,74358,1000,37.86559274858195
1,1,2000,3000,1000,True,1000,58801,58747,753,506,0.07370597256505189,1000,0.012805904661485349,0.00860529582830224,0.9901207206859892,58747,1000,0.9902582724344821,0.976530046311284,58747,1000,0.9754396100777821,0.10372521481327186,58747,1000,0.10334082657455386,79.35166051032394,58747,1000,78.70308366143375,64.31439903314212,58747,1000,66.62395233440789
1,1,3000,4000,1000,True,1000,37522,37536,458,309,0.047226922475395186,1000,0.012206172378871063,0.00823516870102873,0.9817715320785656,37536,1000,0.9820037769273905,0.945384945283477,37536,1000,0.9475879159055426,0.10613049899386573,37536,1000,0.1060787803923773,72.40744884910485,37536,1000,72.99206501049977,95.71422101449275,37536,1000,94.38478710722156
1,1,4000,5000,1000,True,1000,47728,47746,603,368,0.056485668582420996,1000,0.012634093194770366,0.0077103586992960105,0.9792684626053527,47746,1000,0.9795489502461914,0.8947358932816332,47746,1000,0.8956457511056783,0.10277838193892665,47746,1000,0.10251780549444195,78.8543961797847,47746,1000,78.77235511897325,121.03508147279354,47746,1000,120.86318759406457
1,2,0,1000,1000,True,1000,578057,578570,8822,3785,0.8605788722200632,1000,0.015261470754614164,0.006547797189550512,0.9971126940200526,578570,1000,0.997470194702787,1.0002706807650388,578570,1000,1.0002331075078201,0.09927074377623386,578570,1000,0.09936227020519672,94.68990960471507,578570,1000,89.46050752406265,11.18249131479337,578570,1000,9.868651787516121
1,2,1000,2000,1000,True,1000,475519,475156,6773,3685,0.5722040203240043,1000,0.014243384596619694,0.007749427467672165,0.9932854965315884,475156,1000,0.9932020310010777,0.9954788212521773,475156,1000,0.9950699359802564,0.09970343139939801,475156,1000,0.09994605260549003,94.23151975351253,475156,1000,94.18131787380743,35.712507050316106,475156,1000,37.442837275736395
1,2,2000,3000,1000,True,1000,122644,122459,1660,1026,0.15354925869629638,1000,0.013535109748540492,0.008365676266266593,0.9871484740477975,122459,1000,0.9853466827225834,0.9694670598651913,122459,1000,0.9662025942571819,0.09969702023678255,122459,1000,0.09976051030076602,90.77480626168759,122459,1000,88.6068970319363,62.07326533778652,122459,1000,65.62640711977527
1,2,3000,4000,1000,True,817,10610,10546,118,122,0.013260993604674734,1000,0.011121583411875588,0.011498586239396796,0.9766855450564937,10546,817,0.9731862518512965,0.9425505429832616,10546,817,0.9295279374937214,0.09959479840344543,10546,817,0.10685197676859726,98.38270434287881,10546,817,96.32829206605226,83.69296415702637,10546,817,91.66531910624605
1,2,4000,5000,1000,True,1000,9759,9762,119,65,0.011568922297228461,1000,0.012193872322983912,0.006660518495747515,0.9675213581768461,9762,1000,0.9650921643673553,0.907364433027097,9762,1000,0.9099382321738092,0.11007650740959299,9762,1000,0.10982412325014909,86.34286006965786,9762,1000,84.41521312715062,122.89848391723008,9762,1000,121.7362470071595
2,0,0,1000,1000,True,412,1593,1599,22,11,0.0019238696415605388,1000,0.013810420590081607,0.006905210295040804,1.0021370840250758,1599,412,1.0013058074476153,1.0048971164612879,1599,412,1.0025574567289859,0.10136216173034007,1599,412,0.09983930247943165,60.74484052532833,1599,412,57.91448220064726,18.957473420888054,1599,412,17.469255663430424
2,0,1000,2000,1000,True,1000,81404,81663,1346,425,0.10012571527031044,1000,0.016534814014053364,0.005220873667141664,0.9953605462904583,81663,1000,0.9998089736443098,0.9929675081395484,81663,1000,0.9954920421823086,0.09489191452753998,81663,1000,0.09794572290609418,106.39201351897432,81663,1000,95.18503999768035,44.29332745551841,81663,1000,38.72246519243911
2,0,2000,3000,1000,True,1000,524358,524743,7904,3509,0.6696553543789955,1000,0.015073671041540322,0.006691992875096785,0.9921149104337694,524743,1000,0.9923927659820196,0.9829849064171138,524743,1000,0.9836475314104166,0.10035775480486961,524743,1000,0.10018489586879233,112.19523652530857,524743,1000,112.27889055008535,69.35754073899032,524743,1000,67.38686497588235
2,0,3000,4000,1000,True,1000,693322,693391,10214,4934,0.8824390275240296,1000,0.014731971580304678,0.007116462480636703,0.9853003881889272,693391,1000,0.9853516437440476,0.9650791294792621,693391,1000,0.9652411117294585,0.09879455998751827,693391,1000,0.0988235332865166,116.91313847454033,693391,1000,116.9740315931252,94.93717397543378,693391,1000,94.76561386918233
2,0,4000,5000,1000,True,1000,751805,751861,10882,5321,0.9470924721180343,1000,0.014474498041380412,0.0070776331628547295,0.9834289474137372,751861,1000,0.9834664382659027,0.9425027580147982,751861,1000,0.942557223754159,0.09555673691398056,751861,1000,0.09555285296923896,115.47730232050871,751861,1000,115.47504520279755,120.71951597436228,751861,1000,120.66364093576895
2,1,0,1000,1000,True,866,41267,41359,602,274,0.051315688895135374,1000,0.014587927399617128,0.0066396878862044735,1.0040096234144327,41359,866,1.0024087041193495,1.0006089715949893,41359,866,1.001750483514252,0.1001491263099907,41359,866,0.10002996953946817,76.73125559128606,41359,866,69.29727781209094,14.789670930148214,41359,866,11.526056258653629
2,1,1000,2000,1000,True,1000,126663,126721,1773,908,0.15505267131074882,1000,0.013997773619762677,0.00716862856556374,0.9985150279951932,126721,1000,0.9986644112635963,0.9939987249378742,126721,1000,0.9946604491335349,0.09856036298253874,126721,1000,0.09825038559811203,87.10736184215718,126721,1000,86.8877346891864,39.02648337686729,126721,1000,37.81971279509607
2,1,2000,3000,1000,True,1000,66326,66213,852,595,0.08328300974724492,1000,0.012845641226668274,0.00897084099749721,0.9926440014035414,66213,1000,0.9908711826083724,0.9835867066596707,66213,1000,0.982454398788282,0.1003877683100947,66213,1000,0.09971950742189932,86.78546508993702,66213,1000,82.84534727016927,64.54960506244997,66213,1000,68.6393489135216
2,1,3000,4000,1000,True,1000,51810,51812,684,427,0.06583627332361805,1000,0.013202084539664158,0.008241652190696776,0.9814639364778334,51812,1000,0.9815220078155101,0.9655061544105069,51812,1000,0.9658331728061064,0.09916091161145411,51812,1000,0.09907763271609267,77.89212923647031,51812,1000,78.26237077267187,96.14658766308963,51812,1000,96.12227832640254
2,1,4000,5000,1000,True,1000,38301,38291,474,307,0.048109809948516956,1000,0.012375655988094305,0.00801545651549568,0.9819548601365854,38291,1000,0.9817244346891492,0.9428062499927214,38291,1000,0.9423055565325351,0.0960180658193962,38291,1000,0.09524519248602763,83.80358308740958,38291,1000,84.17221713469023,120.86148181034707,38291,1000,122.38663939614273
2,2,0,1000,1000,True,1000,607162,607765,9201,3881,0.9081822616241629,1000,0.015154110435106281,0.006392033757053307,0.9994903947424023,607765,1000,0.9995671319667558,1.0007939238080672,607765,1000,1.00067045727273,0.10031684187771238,607765,1000,0.1002275774860283,99.5038493496664,607765,1000,93.79805092082385,10.708405386950549,607765,1000,9.207045979982253
2,2,1000,2000,1000,True,1000,510923,510518,7287,3907,0.6229009347911882,1000,0.014262423104851416,0.0076469448429606806,0.9991290464506178,510518,1000,0.9990627589946901,0.9971571695970846,510518,1000,0.996443669246354,0.09793390062059834,510518,1000,0.0974365548197206,100.50734548047278,510518,1000,100.12847303539327,35.65176937933628,510518,1000,37.47039855700902
2,2,2000,3000,1000,True,1000,129129,128876,1699,1091,0.16209492000636888,1000,0.013157385250408507,0.008448915425659611,0.992576173315894,128876,1000,0.9904789301320888,0.9838308497081911,128876,1000,0.9811173145093658,0.09623085370251361,128876,1000,0.09676282067357608,99.97212048791086,128876,1000,101.4223017975933,62.729747974797476,128876,1000,67.3975028208115
2,2,3000,4000,1000,True,1000,21723,21686,266,177,0.027687136469642794,1000,0.012245085853703448,0.008148045850020715,0.9795586377607302,21686,1000,0.9798245999843846,0.9607494139070132,21686,1000,0.9596747434888706,0.11021419509291135,21686,1000,0.11302395991617625,100.65862768606475,21686,1000,102.30839697062312,92.33030526607027,21686,1000,95.96695339751017
2,2,4000,5000,1000,True,619,1995,1987,19,22,0.0024755759794061936,1000,0.009523809523809525,0.011027568922305764,0.9838990636671227,1987,619,0.9795004925252869,0.9435895021226758,1987,619,0.9258139693893268,0.13446207939299126,1987,619,0.128496995951165,96.00352289884248,1987,619,78.33147421596533,114.21590337191746,1987,619,119.97221901684746
3,0,0,1000,1000,True,667,9467,9507,150,43,0.011439954910220028,1000,0.01584451251716489,0.004542093588253935,0.9930406811430766,9507,667,0.9953339218996566,0.9978470002169542,9507,667,0.9988352412192125,0.1052518898144115,9507,667,0.10340703531574112,103.26327968865047,9507,667,89.58826356049177,17.072788471652466,9507,667,13.57418617059155
3,0,1000,2000,1000,True,1000,144329,144655,2310,825,0.1799073730593352,1000,0.016005099460260932,0.00571610695009319,0.9916915145155079,144655,1000,0.9923589586881276,0.9935137511298232,144655,1000,0.9945324775345611,0.10485057360557948,144655,1000,0.10656863943850572,114.36756420448654,144655,1000,116.94642400220886,41.63215927551761,144655,1000,36.692367866830686
3,0,2000,3000,1000,True,1000,576780,577079,8609,3943,0.7464277467992837,1000,0.014925968306806755,0.006836228718055411,0.9821170031714687,577079,1000,0.9828899593051575,0.9834996640880594,577079,1000,0.9842094804705401,0.10541703997175929,577079,1000,0.1051430732507234,112.96489388801187,577079,1000,112.86095874902566,64.38744955196775,577079,1000,63.14312069525524
3,0,3000,4000,1000,True,1000,731180,731303,10700,5159,0.9345447139687716,1000,0.014633879482480374,0.007055718154216472,0.9726808468995254,731303,1000,0.9727804114600017,0.9702535919819616,731303,1000,0.9703706389594435,0.10519066610767011,731303,1000,0.10518180821244084,114.22531973750962,731303,1000,114.23211870272804,90.31553815586699,731303,1000,90.1212395249497
3,0,4000,5000,1000,True,1000,760258,760221,10841,5372,0.9403286503733391,1000,0.01425963291408969,0.007066022324000536,0.9584629514131009,760221,1000,0.958420695754736,0.9440447375232073,760221,1000,0.9439760823904514,0.11009086005397604,760221,1000,0.11008552275320127,115.71039079425589,760221,1000,115.7066065222266,117.22332584866768,760221,1000,117.30250066486015
3,1,0,1000,1000,True,882,36047,36099,538,263,0.04422281401026033,1000,0.014924959081199545,0.007296030182816878,0.9977106747427553,36099,882,0.9980327867800748,0.996027591172434,36099,882,0.9969439226109265,0.10048032548845098,36099,882,0.10021921532975804,72.1446300451536,36099,882,63.9795971271614,14.697858666445054,36099,882,11.798932594079004
3,1,1000,2000,1000,True,1000,61385,61390,861,477,0.07536525473316694,1000,0.01402622790584019,0.007770628003583938,0.995403228306991,61390,1000,0.9953094706906022,0.9959776563659996,61390,1000,0.9957274168687582,0.10164546462386358,61390,1000,0.10176616741994471,85.74823261117446,61390,1000,85.38395972403686,37.213503827985015,61390,1000,37.37615183000993
3,1,2000,3000,1000,True,1000,56088,56076,763,459,0.07224394912558735,1000,0.013603622878334047,0.008183568677792042,0.9812830629558378,56076,1000,0.9801664978374726,0.9822230133429293,56076,1000,0.9825624910388789,0.10420256613733582,56076,1000,0.1048328645979864,78.73206006134532,56076,1000,78.93689953100132,63.61421998716028,56076,1000,64.49029648253672
3,1,3000,4000,1000,True,1000,35362,35350,435,292,0.045224532226199494,1000,0.012301340421921837,0.0082574515016119,0.9692560663700572,35350,1000,0.9690621861224827,0.9697512683431793,35350,1000,0.9692512645582047,0.10615640099397589,35350,1000,0.10612438554562036,77.76446958981613,35350,1000,78.10814942554887,91.39496463932107,35350,1000,91.84823882079803
3,1,4000,5000,1000,True,1000,45264,45291,575,341,0.05566614853295382,1000,0.012703252032520325,0.0075335807705903144,0.9597816879480238,45291,1000,0.9602678061774854,0.9424207052076664,45291,1000,0.9448797918408633,0.11053804128354378,45291,1000,0.1118296827811999,81.26349605881963,45291,1000,81.03089788235424,120.96997195910888,45291,1000,118.53734465622713
3,2,0,1000,1000,True,1000,582528,583020,8843,3776,0.8668773876652173,1000,0.015180386178861789,0.006482091847945506,0.9976813719839255,583020,1000,0.997944236867356,0.9986570396894875,583020,1000,0.9988042150499907,0.10001716793226735,583020,1000,0.09998503742149224,96.95063805701348,583020,1000,91.6265236121194,10.876060855545264,583020,1000,9.648179053465032
3,2,1000,2000,1000,True,1000,444085,443773,6324,3407,0.5448464373349782,1000,0.014240517018138419,0.0076719546933582536,0.99553067051743,443773,1000,0.9947908072118545,0.9958935153190224,443773,1000,0.9953661590946381,0.09940990800565726,443773,1000,0.09940440148979633,99.1000804465346,443773,1000,98.85804134640202,35.400621488914375,443773,1000,37.14044471581607
3,2,2000,3000,1000,True,1000,99548,99289,1292,905,0.12589283441490495,1000,0.012978663559287982,0.009091091734640575,0.9880724600111046,99289,1000,0.9819841096536152,0.9868650074668165,99289,1000,0.984617195061505,0.10074504934600198,99289,1000,0.09978751024695091,97.00950759902909,99289,1000,93.84367664810429,58.09348467604669,99289,1000,63.959095861426334
3,2,3000,4000,1000,True,1000,11340,11327,141,90,0.014544296244763838,1000,0.012433862433862434,0.007936507936507936,0.9601836155584511,11327,1000,0.9621609052509216,0.967364212202626,11327,1000,0.9592196601730452,0.10001983139425472,11327,1000,0.09956397501398521,90.98861128277566,11327,1000,94.60386057945324,89.48035666990377,11327,1000,92.35983865540204
3,2,4000,5000,1000,True,753,3244,3244,48,29,0.004005201093707054,1000,0.014796547472256474,0.008939580764488286,0.9397907649213393,3244,753,0.9406559868524385,0.9421623902528975,3244,753,0.9381707530750981,0.11082942911663536,3244,753,0.11029119111477598,74.39334155363748,3244,753,63.11090999158728,119.65690505548706,3244,753,121.6558147879861
4,0,0,1000,1000,True,558,1013,1014,12,11,0.0012730115960170449,1000,0.011846001974333662,0.01085883514313919,0.9978550415912554,1014,558,0.9971576406316609,1.0018427986257608,1014,558,1.002358162785028,0.10487642809942191,1014,558,0.10772054566113932,51.875739644970416,1014,558,47.255376344086024,12.437869822485206,1014,558,14.177718040621265
4,0,1000,2000,1000,True,831,45866,46015,752,234,0.05773265577139009,1000,0.016395587145161993,0.005101818340382854,0.9951980166347343,46015,831,0.9962328841287108,0.9978087472854842,46015,831,0.9975549662024269,0.10862308688199938,46015,831,0.1083058032231917,96.58415733999783,46015,831,82.44675319993428,45.86078452678474,46015,831,40.42446838267668
4,0,2000,3000,1000,True,1000,358522,358955,5533,2257,0.46120593293318846,1000,0.015432804681442144,0.0062952901077200285,0.9917143920947833,358955,1000,0.9924506522684434,0.9877765266368382,358955,1000,0.9894675039155173,0.11235986932638999,358955,1000,0.11103037855227256,115.35695839311335,358955,1000,117.25159656055249,67.96002005822457,358955,1000,64.7948528695854
4,0,3000,4000,1000,True,1000,703488,703675,10364,4957,0.9105335617398717,1000,0.014732305312954877,0.007046317776564774,0.987922984162041,703675,1000,0.9879704376127361,0.9675695660829592,703675,1000,0.9681056286868998,0.11745140372960768,703675,1000,0.11758300846454654,114.31772622304331,703675,1000,114.2151267748301,91.72519842256723,703675,1000,91.2539905136894
4,0,4000,5000,1000,True,1000,759908,759925,10996,5398,0.943929403313581,1000,0.014470172705116935,0.0071034914752838504,0.9841714182729109,759925,1000,0.9841897999036547,0.945054142219891,759925,1000,0.945174720449255,0.11814333938326212,759925,1000,0.11818679137606287,114.25369872026845,759925,1000,114.31274501087977,118.42794223114123,759925,1000,118.33698542926051
4,1,0,1000,1000,True,952,40222,40282,595,279,0.051389858248676035,1000,0.014792899408284023,0.006936502411615534,0.9974785606004849,40282,952,0.9980048068586949,1.0014580481003241,40282,952,1.0012090671098393,0.09844119001876393,40282,952,0.09866563586831889,83.57571620078447,40282,952,75.4968372105452,13.297775681445808,40282,952,11.07317158020472
4,1,1000,2000,1000,True,1000,120260,120349,1725,843,0.14770883725709055,1000,0.01434392150340928,0.007009812073840013,0.9920923070639978,120349,1000,0.9922628238105249,0.9993442431655222,120349,1000,0.9999247074229709,0.10316715943799103,120349,1000,0.1027768426017559,89.93506385595227,120349,1000,89.81027467344828,39.89601907784859,120349,1000,38.22128997682859
4,1,2000,3000,1000,True,1000,103534,103440,1385,830,0.13133008183637201,1000,0.013377248053779435,0.008016690169412947,0.9929926937268543,103440,1000,0.9924783757166764,0.9912292153900498,103440,1000,0.9901000888117324,0.11615143984923182,103440,1000,0.11586988166888611,89.40522041763342,103440,1000,89.68070863591953,63.550531709203405,103440,1000,66.03005043714144
4,1,3000,4000,1000,True,1000,35537,35508,440,312,0.04597936780428575,1000,0.012381461575259588,0.008779581844274981,0.9850274463401084,35508,1000,0.9842883942393386,0.9727670195733135,35508,1000,0.9697834393810847,0.11784044161284918,35508,1000,0.11898058740686183,77.21710600428072,35508,1000,76.6211997268833,91.67903007772897,35508,1000,93.4150618391092
4,1,4000,5000,1000,True,1000,39771,39784,493,312,0.04958262104066418,1000,0.012395966910562974,0.007844912121897866,0.9842987173825537,39784,1000,0.9840997785755056,0.9492261267744744,39784,1000,0.9477727369834075,0.12231344902491184,39784,1000,0.12121493284639079,79.99218278705007,39784,1000,79.9565550410041,120.44160969233863,39784,1000,120.21823997686162
4,2,0,1000,1000,True,1000,584819,585342,8953,3815,0.8586400617773516,1000,0.015309010138179506,0.0065233858681062,0.9993185056807717,585342,1000,0.9993585271341822,1.0006733780773003,585342,1000,1.000621970827364,0.10031864177538725,585342,1000,0.10037337837141035,93.2396137642609,585342,1000,88.25805560040597,10.989947757037767,585342,1000,9.810351006207565
4,2,1000,2000,1000,True,1000,514457,514169,7382,3850,0.6254377297053595,1000,0.01434910983814002,0.007483618650343955,0.9940107461782838,514169,1000,0.9935821838884767,0.9970272787481402,514169,1000,0.9967484615840804,0.10429327307202971,514169,1000,0.10494245305476269,98.75234601852698,514169,1000,98.94220221002062,36.40855827558643,514169,1000,37.83808797120846
4,2,2000,3000,1000,True,1000,201712,201446,2786,1633,0.255349507190791,1000,0.013811771238201,0.008095700801142223,0.9908805983771406,201446,1000,0.9908649349919679,0.9919046543221195,201446,1000,0.9900621936813775,0.11442067318884762,201446,1000,0.11436523129025637,96.27285724213934,201446,1000,95.58831484531935,62.590714136791,201446,1000,66.02242020782397
4,2,3000,4000,1000,True,1000,20147,20080,263,182,0.026314741936799346,1000,0.013054052712562665,0.00903360301781903,0.9901466846342845,20080,1000,0.987731892681812,0.9748450859417153,20080,1000,0.9689359906473937,0.10499271760114659,20080,1000,0.11242756302189058,107.82255976095618,20080,1000,116.81306118136993,85.29900398406375,20080,1000,92.0242789036009
4,2,4000,5000,1000,True,840,2212,2211,28,19,0.0027407189823528914,1000,0.012658227848101266,0.008589511754068717,0.9900428921804376,2211,840,0.9873143774396677,0.9116569521019572,2211,840,0.8933011495852694,0.13276949050822556,2211,840,0.1222710176937308,83.45997286295794,2211,840,77.6339172335601,115.36182722749886,2211,840,118.43831349206347
5,0,0,1000,1000,True,461,1597,1598,27,15,0.0019413302318217049,1000,0.016906700062617408,0.00939261114589856,1.0000641898168647,1598,461,0.9986393431119862,0.999813957044757,1598,461,0.9998667882608057,0.10185612520435751,1598,461,0.10276243935514986,59.27909887359199,1598,461,61.097712013221766,18.993742177722154,1598,461,16.967619564094615
5,0,1000,2000,1000,True,1000,13570,13621,216,79,0.01636416730877277,1000,0.0159174649963154,0.005821665438467207,1.0024537643059734,13621,1000,0.9937470468661865,0.9875382317926756,13621,1000,0.9910940518521223,0.09940750115443003,13621,1000,0.0989852665790081,88.9771676088393,13621,1000,131.86108836749457,46.32141546141987,13621,1000,37.27512817626117
5,0,2000,3000,1000,True,1000,169306,169655,2667,987,0.2100783079524989,1000,0.015752542733275844,0.005829681169007596,0.9925727714973387,169655,1000,0.9942444872944345,0.9881930484136936,169655,1000,0.9892377574356992,0.10668636257600025,169655,1000,0.10389429913803112,105.3884766143055,169655,1000,106.08484702173475,71.20023577259732,169655,1000,66.35181264115401
5,0,3000,4000,1000,True,1000,591610,591932,8839,4033,0.7612379189477296,1000,0.014940585858927333,0.006816990923074323,0.981963996887026,591932,1000,0.982504996745835,0.9757126281511357,591932,1000,0.9762777419450611,0.10755043149269894,591932,1000,0.10746744061139359,113.38766615084165,591932,1000,113.08231881109516,97.39437469168756,591932,1000,96.19843763505915
5,0,4000,5000,1000,True,1000,736195,736207,10619,5207,0.9347730320505382,1000,0.01442416750996679,0.007072854338864024,0.972507408287448,736207,1000,0.9725472598905189,0.952309017794728,736207,1000,0.95237967936004,0.10433505117537867,736207,1000,0.10437468423683899,113.82782016470911,736207,1000,113.85268559502852,124.25710431984483,736207,1000,124.19609661212426
5,1,0,1000,1000,True,880,42915,42999,618,298,0.05318637380186266,1000,0.014400559245019224,0.00694395898869859,0.9990281885017547,42999,880,0.9995782817445938,1.0004122586791853,42999,880,1.0008190649613857,0.09876169232988152,42999,880,0.09854981196696777,78.75992464941045,42999,880,71.33000121872499,14.41170724900579,42999,880,11.583214378256503
5,1,1000,2000,1000,True,1000,111381,111417,1618,807,0.13350375997513836,1000,0.014526714610211796,0.007245400921162496,0.9964365268768605,111417,1000,0.9964799711421619,0.9963754669337946,111417,1000,0.9965484225866883,0.10328589244504134,111417,1000,0.10338283219907582,89.01988924490877,111417,1000,88.64086902586524,38.34990172056329,111417,1000,37.673057489210514
5,1,2000,3000,1000,True,1000,95242,95183,1331,751,0.11757341584874069,1000,0.013974927027991852,0.007885176707754982,0.9895610335784691,95183,1000,0.9894520218818539,0.9891757035810236,95183,1000,0.9889041979467909,0.10846869750087718,95183,1000,0.10865472982675857,94.91111858209975,95183,1000,94.78358547217152,66.18407698853787,95183,1000,67.04619776056546
5,1,3000,4000,1000,True,1000,63203,63180,837,509,0.08103001864859004,1000,0.013243042260652184,0.008053415185988008,0.9786641273046102,63180,1000,0.9782227863778182,0.9774759493640816,63180,1000,0.976009365650385,0.10620092778046275,63180,1000,0.10510204086496629,84.8588319088319,63180,1000,85.69219511066215,95.91103197214308,63180,1000,97.72075476946574
5,1,4000,5000,1000,True,1000,40445,40455,513,333,0.051277654182700305,1000,0.012683891704784275,0.008233403387316108,0.9773285572311555,40455,1000,0.977574869855265,0.947276785324596,40455,1000,0.9490781037632706,0.10699092377123401,40455,1000,0.10549414777919068,73.86246446669139,40455,1000,74.60435732835614,127.70871338524286,40455,1000,125.88858659940387
5,2,0,1000,1000,True,1000,614350,614959,9414,3953,0.9044614666287633,1000,0.015323512655652315,0.006434442907137625,1.0007046732008305,614959,1000,1.0005502873543888,0.9998133631184332,614959,1000,0.9998912048576322,0.10050797956670368,614959,1000,0.10042044332165997,97.36390230893441,614959,1000,91.67373521580087,10.82128564668539,614959,1000,9.445085659714257
5,2,1000,2000,1000,True,1000,589043,588812,8461,4363,0.7047350186093823,1000,0.014363976823423757,0.007406929545041703,0.9956901674290283,588812,1000,0.9956387600256829,0.9980936035750143,588812,1000,0.9979618330579387,0.10430128376070627,588812,1000,0.10424482660511947,100.31422423456044,588812,1000,100.52640912433584,36.51524934953771,588812,1000,37.37304382606056
5,2,2000,3000,1000,True,1000,336068,335759,4723,2638,0.4133043793784067,1000,0.014053703417165574,0.007849601866288965,0.9919032550545576,335759,1000,0.9915876124593419,0.9902134326249555,335759,1000,0.9899099382135599,0.11069494068751308,335759,1000,0.1122804451240053,99.08938554141513,335759,1000,99.49284312478184,64.51029458629553,335759,1000,67.01265225018672
5,2,3000,4000,1000,True,1000,68996,68841,917,599,0.0880935631087185,1000,0.013290625543509769,0.008681662705084353,0.9841312905867521,68841,1000,0.9824410805243359,0.9822534449420923,68841,1000,0.9803040817665392,0.1133131122045097,68841,1000,0.11126566450621707,99.69477491611104,68841,1000,102.95542547065742,92.07693089873767,68841,1000,97.13063803219548
5,2,4000,5000,1000,True,1000,8029,8021,102,63,0.010244405021390006,1000,0.012703948187819156,0.007846556233653008,0.9604751656246354,8021,1000,0.9589411973382951,0.946231742884131,8021,1000,0.9429302362564274,0.10937239113539522,8021,1000,0.11095632192165496,101.97618750779205,8021,1000,88.95755961666042,121.94851016082782,8021,1000,124.79665239389092
6,0,0,1000,1000,True,305,576,581,10,4,0.0007077360454158575,1000,0.017361111111111112,0.006944444444444444,0.9979641666482041,581,305,0.9966887029334005,1.0010608765498277,581,305,1.002387241925126,0.1038604369502667,581,305,0.10193049675244782,37.17039586919105,581,305,33.564590163934426,20.44234079173838,581,305,18.904590163934426
6,0,1000,2000,1000,True,1000,28841,28928,470,149,0.034971420105505,1000,0.016296244929093998,0.00516625637113831,1.0058462780415598,28928,1000,1.0024508211655114,0.9922525798431331,28928,1000,0.9950087783314218,0.09897168251700282,28928,1000,0.09633417638063675,120.7249032079646,28928,1000,109.2599947923697,44.41869469026549,28928,1000,37.87814193797774
6,0,2000,3000,1000,True,1000,352035,352528,5439,2224,0.4464349882556283,1000,0.015450168307128552,0.0063175536523357055,1.000294208882764,352528,1000,1.001606398202301,0.977514107215662,352528,1000,0.97911174966551,0.10156518005963508,352528,1000,0.10161040573492884,113.53405119593337,352528,1000,112.00585477589735,72.03873734852267,352528,1000,68.45838925262588
6,0,3000,4000,1000,True,1000,690326,690448,10244,4897,0.8821619628349691,1000,0.01483936574893601,0.0070937499094630655,0.9911690466471842,690448,1000,0.9914211943108212,0.9667354656777651,690448,1000,0.9669811341847573,0.09545925684917567,690448,1000,0.09553860142179701,114.14295645725674,690448,1000,114.18070672939889,96.5533320394874,690448,1000,96.0523568894983
6,0,4000,5000,1000,True,1000,772448,772521,11296,5468,0.9424679959863206,1000,0.014623638096027175,0.00707879365342392,0.9770554703858252,772521,1000,0.977185455748112,0.9460928069806,772521,1000,0.9462832245146012,0.09459510125933601,772521,1000,0.09457018223436213,114.0847006100805,772521,1000,114.0755980397941,123.86368914243108,772521,1000,123.67683145812522
6,1,0,1000,1000,True,884,35388,35481,527,228,0.04346997571188516,1000,0.014892053803549226,0.006442861987114276,0.9994731600592921,35481,884,0.9992371238682113,0.9978899268464427,35481,884,0.9988844375861315,0.10105238612330594,35481,884,0.10069260971960997,72.1776161889462,35481,884,65.37649198282845,16.913982131281532,35481,884,11.993149770031657
6,1,1000,2000,1000,True,1000,107332,107418,1557,729,0.12884495634322063,1000,0.014506391383743898,0.006792009838631536,1.0007047637630264,107418,1000,1.0003342322328956,0.9922221040854166,107418,1000,0.9927768874251007,0.10207717065704705,107418,1000,0.10197283756950709,92.9351319145767,107418,1000,94.07697169242442,40.632705877972036,107418,1000,38.590076054778955
6,1,2000,3000,1000,True,1000,105743,105611,1425,871,0.1311500354198537,1000,0.013476069337923077,0.008236951854969123,0.9975137611988232,105611,1000,0.9961719261361023,0.9791674237633848,105611,1000,0.9772787867503225,0.10677396029419137,105611,1000,0.10480091933077,91.15746465803751,105611,1000,89.94300368025841,66.3486947382375,105611,1000,69.79092039642693
6,1,3000,4000,1000,True,1000,47324,47337,624,387,0.0603507769286178,1000,0.01318569858845406,0.008177668836108529,0.998123842510817,47337,1000,0.998828325116664,0.9699820918808536,47337,1000,0.9701732722413018,0.09789632138959066,47337,1000,0.09774201340033267,78.46629486448234,47337,1000,79.06204337733911,98.2373196442529,47337,1000,97.77947019153962
6,1,4000,5000,1000,True,1000,45036,45026,552,386,0.055123155132414496,1000,0.012256861177724487,0.008570921040945022,0.9808994952099201,45026,1000,0.9798742669155613,0.9459030313997896,45026,1000,0.9442257174203091,0.09184078393941693,45026,1000,0.09152064990439042,73.68180606760538,45026,1000,73.64734082222648,124.43581486252387,45026,1000,125.08979383048471
6,2,0,1000,1000,True,1000,567358,567857,8707,3706,0.8565590798885626,1000,0.015346571300660253,0.0065320309222748245,1.0003428526977864,567857,1000,1.0003133614631174,1.0000220281315733,567857,1000,1.000043829893543,0.09851783991892707,567857,1000,0.09855738276292154,97.41238022952962,567857,1000,92.05769268441078,10.873596697760176,567857,1000,9.713340101277682
6,2,1000,2000,1000,True,1000,542021,541810,7789,4031,0.6488428014080175,1000,0.014370291925958588,0.007436981223974717,1.0004026649251325,541810,1000,1.0004016596507728,0.992654846203077,541810,1000,0.992248398360156,0.10127977881747996,541810,1000,0.10151919871670108,98.20661117365866,541810,1000,98.27209624107624,37.76163784352448,541810,1000,38.697571707584764
6,2,2000,3000,1000,True,1000,229404,229078,3148,1876,0.2839130300204126,1000,0.013722515736430053,0.008177712681557427,0.9972301257376623,229078,1000,0.9965581732507128,0.9785218783133228,229078,1000,0.9779323418291752,0.10486744537676349,229078,1000,0.10403007077168663,99.86199896978322,229078,1000,100.09998794685706,66.07277870419682,229078,1000,69.47858450157707
6,2,3000,4000,1000,True,1000,32931,32876,436,284,0.042568390997265386,1000,0.013239804439585801,0.008624092800097172,0.9874009086984292,32876,1000,0.9878441371224044,0.9762259345827773,32876,1000,0.9765204432587082,0.10072947511052825,32876,1000,0.10118118989110983,87.3465750091252,32876,1000,85.79751364528285,94.088240661881,32876,1000,97.72296300205839
6,2,4000,5000,1000,True,659,1958,1952,22,24,0.0024088488812649754,1000,0.011235955056179775,0.012257405515832482,0.9622124499834982,1952,659,0.9598478186187388,0.9430353755973319,1952,659,0.9404342040384575,0.08852265568568826,1952,659,0.0904158688598662,59.25,1952,659,60.440609870655386,121.79610655737704,1952,659,124.45382253052966
7,0,0,1000,1000,True,652,6124,6146,98,37,0.007223602575914022,1000,0.016002612671456563,0.006041802743305029,1.000719433320548,6146,652,1.0004797196805633,0.9855168544094958,6146,652,0.9891124864030646,0.10000970375909331,6146,652,0.09528797871757254,73.49593231369997,6146,652,64.58828143239933,17.834363813862677,6146,652,15.049708192429769
7,0,1000,2000,1000,True,1000,177200,177641,2896,996,0.22425598054599516,1000,0.0163431151241535,0.005620767494356659,0.9980857241769728,177641,1000,0.9987164480231183,0.9874096554757811,177641,1000,0.9865855378396962,0.100782877937019,177641,1000,0.10153066078540854,109.47153528746179,177641,1000,107.76238130691421,44.03301039737448,177641,1000,38.08453007149708
7,0,2000,3000,1000,True,1000,603505,603734,9037,4204,0.7723254458653478,1000,0.014974192425911964,0.006965973769894202,0.9876432429216555,603734,1000,0.988034342501022,0.9829235988001781,603734,1000,0.9830835024604508,0.10146761339136705,603734,1000,0.101479695231879,113.9718866255669,603734,1000,113.9485703382025,65.733834768292,603734,1000,65.02517251574726
7,0,3000,4000,1000,True,1000,723750,723780,10503,5150,0.9274331936332895,1000,0.014511917098445596,0.007115716753022453,0.9775353582817263,723780,1000,0.9776662895648296,0.9715760634239333,723780,1000,0.9718024401124408,0.09780438357047248,723780,1000,0.09778893143106608,116.3268921495482,723780,1000,116.29605796720894,91.27520102793666,723780,1000,91.02723816432659
7,0,4000,5000,1000,True,1000,752205,752221,10997,5386,0.9405515152384227,1000,0.014619684793374147,0.007160282103947727,0.9679843841769444,752221,1000,0.9679262855844514,0.9527600520654665,752221,1000,0.9526688481045372,0.09649346759995336,752221,1000,0.09653367319318214,116.82623058914866,752221,1000,116.86361887056268,117.66196902240166,752221,1000,117.78992199205568
7,1,0,1000,1000,True,912,51561,51686,773,332,0.0621868170583298,1000,0.014991951281006962,0.006438975194429899,1.0006884568942627,51686,912,1.0005507567564706,0.99852976665729,51686,912,0.9989462117961309,0.10030461437978645,51686,912,0.10065089411700895,82.25269899005534,51686,912,74.4106816783443,15.912781023874937,51686,912,11.443366064345247
7,1,1000,2000,1000,True,1000,111489,111464,1557,842,0.1386255357998952,1000,0.013965503323197804,0.007552314578119814,0.9995370506604615,111464,1000,0.9995082563435669,0.9912581409900909,111464,1000,0.9909108856571672,0.10414675127298896,111464,1000,0.10400656549062173,87.53404686714993,111464,1000,87.60801233722562,38.312244312064884,111464,1000,38.948258265728406
7,1,2000,3000,1000,True,1000,62281,62251,810,514,0.07900191700220632,1000,0.013005571522615243,0.008252918225462019,0.9928439918211618,62251,1000,0.991742892970683,0.9831159347366174,62251,1000,0.9833479854888593,0.09724583306874691,62251,1000,0.09695294492308261,86.62479317601324,62251,1000,87.46881339407417,65.09546834589003,62251,1000,66.33912635644162
7,1,3000,4000,1000,True,1000,45581,45567,604,382,0.05869826849517193,1000,0.013251135341480003,0.008380684934512187,0.9818525073260023,45567,1000,0.9813393376288798,0.9698388598830041,45567,1000,0.9680079332753619,0.09680875769277188,45567,1000,0.09749824461340281,78.48873087980337,45567,1000,77.8753164132275,91.1388285381965,45567,1000,92.44063386482183
7,1,4000,5000,1000,True,1000,45819,45813,579,386,0.05736091679022985,1000,0.01263667910692071,0.00842445273794714,0.967338606543562,45813,1000,0.9671002792650756,0.9571280559181448,45813,1000,0.9577200206792669,0.09754526674763775,45813,1000,0.0973346357913089,72.84995525287582,45813,1000,72.08196400835143,119.6086918560234,45813,1000,119.55298342921579
7,2,0,1000,1000,True,1000,563568,564053,8590,3649,0.8290512860868989,1000,0.015242171308520002,0.006474817590778752,0.9996499924848425,564053,1000,0.9996580479194002,0.9983308879842228,564053,1000,0.9985218035783942,0.1002666546377456,564053,1000,0.10022962516561464,96.00726172895101,564053,1000,90.68956075025311,10.99278436600816,564053,1000,9.903013859644389
7,2,1000,2000,1000,True,1000,400388,399990,5602,3145,0.49533296575774854,1000,0.013991428314534902,0.007854880765657312,0.9984842846698894,399990,1000,0.9984688043375525,0.9916741729016486,399990,1000,0.9906304857985823,0.10192044109720434,399990,1000,0.10181217793163352,100.21162279056976,399990,1000,100.46931834889944,35.842846071151776,399990,1000,38.35327798488445
7,2,2000,3000,1000,True,1000,75210,75042,971,659,0.09513530564085354,1000,0.012910517218454994,0.00876213269512033,0.988511804298402,75042,1000,0.9836846081201677,0.9783584396368749,75042,1000,0.9761454028914605,0.10025772239796374,75042,1000,0.10156155380114996,95.38831587644252,75042,1000,96.63187475218807,61.64034807174649,75042,1000,65.61383924181267
7,2,3000,4000,1000,True,726,4402,4386,47,43,0.005699407034127113,1000,0.010676965015901863,0.009768287142208088,0.9753512372329327,4386,726,0.9819295750800895,0.9620297234637234,4386,726,0.9646554799996088,0.10225576766304245,4386,726,0.10516040499813616,99.2640218878249,4386,726,94.84999707041229,85.46876424988601,4386,726,90.2230259259308
7,2,4000,5000,1000,True,845,1676,1676,18,15,0.0020875679713474255,1000,0.010739856801909307,0.008949880668257757,0.9669432654019762,1676,845,0.9684283963375226,0.9340178620986396,1676,845,0.9228945924226294,0.10190569092129377,1676,845,0.11180310730838326,61.21360381861575,1676,845,59.191420118343196,119.82338902147971,1676,845,122.25700197238659
8,0,0,1000,1000,True,636,7543,7583,121,26,0.009342600788308803,1000,0.01604136285297627,0.0034469044146891157,0.9980040949454043,7583,636,1.0000279298609838,1.004062018097023,7583,636,1.0027495615499904,0.09199982277835804,7583,636,0.09556576642187921,89.18396413029144,7583,636,70.61525072941177,18.97098773572465,7583,636,15.170424910297054
8,0,1000,2000,1000,True,1000,145397,145692,2343,864,0.1793841557174233,1000,0.016114500299180864,0.005942350942591663,0.9971252152786007,145692,1000,0.9965386192093113,0.9902050378364816,145692,1000,0.9950219256046039,0.09881450576346276,145692,1000,0.09687122955134683,106.01354913104358,145692,1000,108.79708834469795,41.30668121791176,145692,1000,36.51329861330771
8,0,2000,3000,1000,True,1000,535541,535886,8097,3640,0.6889598687924647,1000,0.015119290586528389,0.006796865226005105,0.9967170428804644,535886,1000,0.9969451703649977,0.9699270795943757,535886,1000,0.9711720449525947,0.09762543127903907,535886,1000,0.0978155600815013,113.47095464333832,535886,1000,113.54890260814477,66.98550064752578,535886,1000,65.2651856276283
8,0,3000,4000,1000,True,1000,737485,737583,10807,5232,0.9272913145399284,1000,0.014653857366590507,0.007094381580642318,0.9934274060637792,737583,1000,0.993519312801177,0.9468051280245319,737583,1000,0.9471960517392031,0.09766788704063323,737583,1000,0.0975988141719362,115.86902897707783,737583,1000,115.82531882152435,93.06004341206345,737583,1000,92.7219708790991
8,0,4000,5000,1000,True,1000,788502,788539,11208,5470,0.9409787997485832,1000,0.014214294954229666,0.006937204978554271,0.9713616743509341,788539,1000,0.9715956663399916,0.9053804468950061,788539,1000,0.9058126014350139,0.1008187339213878,788539,1000,0.10080428569520385,116.29380284297923,788539,1000,116.31366697371871,120.74403422024783,788539,1000,120.4851282721971
8,1,0,1000,1000,True,885,48795,48886,718,338,0.06077180204616539,1000,0.014714622399836048,0.006926939235577416,0.9972376757834625,48886,885,0.9985444279274351,1.0004947713812742,48886,885,1.0025615161538295,0.09857493931041403,48886,885,0.09909121115864433,77.21044879924723,48886,885,67.56022457414713,14.986008264124699,48886,885,11.761113241487028
8,1,1000,2000,1000,True,1000,82731,82708,1128,646,0.10104144707706496,1000,0.013634550531239801,0.007808439399983077,0.9972735069792271,82708,1000,0.9976750999250508,0.9931825370312367,82708,1000,0.9934897989504187,0.0986010187256221,82708,1000,0.0987052996458567,86.37413551288871,82708,1000,86.40131120676244,38.641292257097255,82708,1000,37.774792157868745
8,1,2000,3000,1000,True,1000,46212,46186,583,388,0.059083526281096865,1000,0.012615770795464382,0.008396087596295334,0.9916217359501364,46186,1000,0.9906706926620606,0.9704415677925449,46186,1000,0.9689077037285472,0.09605212799284085,46186,1000,0.09567201932597313,83.06753128653705,46186,1000,81.4413208265826,65.08073875200277,46186,1000,66.61111239824037
8,1,3000,4000,1000,True,1000,40004,39998,503,333,0.05031239163998653,1000,0.012573742625737426,0.008324167583241676,0.9911159644228088,39998,1000,0.9917741184310981,0.937603742544452,39998,1000,0.9369577623791888,0.09522715941223348,39998,1000,0.09524415539766144,76.82724136206811,39998,1000,77.20300225568684,93.30806540327016,39998,1000,94.45900430885087
8,1,4000,5000,1000,True,1000,49352,49349,590,395,0.05902120025141683,1000,0.011954935970173448,0.008003728319014428,0.9689479422755586,49349,1000,0.9690976751409439,0.9056405618057005,49349,1000,0.905132446666935,0.10055286784673989,49349,1000,0.10058866866214314,77.00851081075605,49349,1000,77.26488834044527,121.80121177734098,49349,1000,122.19834012147513
8,2,0,1000,1000,True,1000,567954,568400,8671,3736,0.8591100563640828,1000,0.015267081488993826,0.006577997513883166,0.9977547995428787,568400,1000,0.9979001707982683,0.9990664029674116,568400,1000,0.9991762970903427,0.09962568376231908,568400,1000,0.09957065784404627,95.91525510204082,568400,1000,90.6316836120334,10.55335679099226,568400,1000,9.546991024593016
8,2,1000,2000,1000,True,1000,394648,394336,5561,3021,0.47906219770090036,1000,0.014091038089639374,0.007654922867973485,0.9974174545647658,394336,1000,0.997822666360788,0.9906999998835018,394336,1000,0.989751455816208,0.0982685101927502,394336,1000,0.09817595242273881,100.71466465146474,394336,1000,101.10883805481116,35.14863720279153,394336,1000,37.33059755933909
8,2,2000,3000,1000,True,1000,123950,123744,1661,1046,0.15790522878706517,1000,0.013400564743848325,0.008438886647841872,0.9965316306834842,123744,1000,0.9925959101835847,0.9726167341963303,123744,1000,0.9684843802411003,0.09793348946748662,123744,1000,0.10160816925007993,97.8348041117145,123744,1000,100.56430272804315,61.89428982415309,123744,1000,66.4959263322723
8,2,3000,4000,1000,True,754,11775,11747,145,105,0.014930292274325798,1000,0.012314225053078557,0.008917197452229299,0.988188102788922,11747,754,0.9920272985481295,0.9542777254992636,11747,754,0.9521141020962305,0.10654241998385941,11747,754,0.10487607529437545,94.99880820635056,11747,754,95.10441466832947,86.88277858176556,11747,754,90.42357730035292
8,2,4000,5000,1000,True,0,0,0,0,0,0.0,1000,,,,0,0,,,0,0,,,0,0,,,0,0,,,0,0,
9,0,0,1000,1000,True,393,763,766,7,6,0.000933252175163555,1000,0.009174311926605505,0.007863695937090432,0.9971222904300059,766,393,0.9975501047011379,0.993099646467051,766,393,0.990940881833067,0.09999999999999999,766,393,0.09999999999999999,50.483028720626635,766,393,52.28074639525022,10.762402088772847,766,393,11.503392705682781
9,0,1000,2000,1000,True,1000,31578,31666,511,173,0.03820437023548198,1000,0.016182152131230605,0.005478497688263981,0.9977933277141132,31666,1000,0.9965436822589268,0.9956392338405036,31666,1000,0.9927134690891453,0.09649068494296839,31666,1000,0.09709792319471669,100.1497505210636,31666,1000,97.07687195555849,43.130139581885935,31666,1000,37.07721531640987
9,0,2000,3000,1000,True,1000,273082,273493,4217,1647,0.34339014218799907,1000,0.01544224811595052,0.0060311554771094395,0.9899713631309968,273493,1000,0.9917221507037043,0.9934394633358582,273493,1000,0.9939112843757653,0.09415400307695465,273493,1000,0.09477025211731689,114.62889726610919,273493,1000,112.60752440087649,68.92608951600224,273493,1000,65.46538945100758
9,0,3000,4000,1000,True,1000,657037,657287,9780,4597,0.856914530150008,1000,0.014885006476043206,0.006996561837461208,0.9802755836190498,657287,1000,0.9806606234311513,0.9862369424915244,657287,1000,0.9865152798799217,0.09273023451761528,657287,1000,0.09277649400255389,114.86945580849766,657287,1000,115.05727817539615,92.24430423848334,657287,1000,91.50073304100556
9,0,4000,5000,1000,True,1000,731423,731421,10616,5233,0.9470935700887743,1000,0.014514173057177584,0.007154546685023577,0.9627349011930545,731421,1000,0.9627774431109334,0.9776662126129698,731421,1000,0.977688158415479,0.09216797818279598,731421,1000,0.09218230291936229,114.50623238873371,731421,1000,114.55959099336931,117.47992469453297,731421,1000,117.43003504286162
9,1,0,1000,1000,True,966,25628,25678,364,176,0.03276720788052204,1000,0.014203215233338536,0.0068674886842515995,0.9984343557707819,25678,966,0.9984482017876153,0.9972378212613514,25678,966,0.9983340360746252,0.10149460753873753,25678,966,0.10084056146362179,79.37370511722096,25678,966,73.17137351475283,14.221356803489368,25678,966,10.611856080659006
9,1,1000,2000,1000,True,1000,71427,71454,1001,536,0.08541978193941908,1000,0.014014308314782925,0.0075041650916320155,1.0016053683748247,71454,1000,1.0017117346455482,0.9947658570448955,71454,1000,0.9948676080302038,0.10204702841866904,71454,1000,0.1021193026973927,83.88375738237187,71454,1000,83.73700141337598,38.73259719539844,71454,1000,38.05093845002694
9,1,2000,3000,1000,True,1000,85947,85932,1188,675,0.10659896256123529,1000,0.013822471988551084,0.007853677266222207,0.9946355151002805,85932,1000,0.9939760741350563,0.9916944582048581,85932,1000,0.9919433200394967,0.0975193744967738,85932,1000,0.09710756050280465,90.29237071172555,85932,1000,89.32751545633212,65.24757948145044,85932,1000,66.08506645817808
9,1,3000,4000,1000,True,1000,43988,43976,569,362,0.057343630167930926,1000,0.012935346003455488,0.008229517141038464,0.9848048383646907,43976,1000,0.9846961475173941,0.9874841718384135,43976,1000,0.9871869314598659,0.09119320255107967,43976,1000,0.09099086640126526,82.17143441877387,43976,1000,82.48584542337471,92.06326177915227,43976,1000,92.79551989298473
9,1,4000,5000,1000,True,1000,36881,36857,449,326,0.04772210459830327,1000,0.012174290284970581,0.008839239716927415,0.9685677235915817,36857,1000,0.9669974935754573,0.9827528427191041,36857,1000,0.9826687883416255,0.08949605888861971,36857,1000,0.08963261422389851,75.01901945356377,36857,1000,74.8348974016227,118.81346826925686,36857,1000,120.07383205069131
9,2,0,1000,1000,True,1000,584537,585059,8946,3814,0.8729109746807944,1000,0.015304420421632848,0.006524822209714697,0.9987181279915541,585059,1000,0.9988171189706957,0.9985551255306271,585059,1000,0.9987671772730208,0.1006527224805397,585059,1000,0.1005918879665785,95.48822255533203,585059,1000,90.32904124985129,10.724815787809435,585059,1000,9.48084839970342
9,2,1000,2000,1000,True,1000,550848,550686,7982,4066,0.656233546913745,1000,0.01449038573254328,0.007381346578366446,0.9969500313790772,550686,1000,0.9967640555754635,0.9935066771065838,550686,1000,0.9933640086617227,0.09988647295393514,550686,1000,0.09978795657322391,98.19244905445208,550686,1000,98.23025340651336,37.0498233112881,550686,1000,37.73458196813552
9,2,2000,3000,1000,True,1000,273695,273351,3751,2179,0.33804582101648334,1000,0.01370503662836369,0.00796141690567968,0.9921091876528174,273351,1000,0.9914646861566844,0.9909329411400938,273351,1000,0.9913813870424781,0.0967489453662011,273351,1000,0.09648649798966434,101.04408251661783,273351,1000,100.89519795761598,63.45899960124529,273351,1000,66.18900712836263
9,2,3000,4000,1000,True,1000,38398,38288,501,346,0.05027870351305987,1000,0.01304755456013334,0.009010885983644981,0.9854691073396263,38288,1000,0.9777732055814081,0.9852428487651769,38288,1000,0.9815255335520908,0.09565583228245046,38288,1000,0.09914755087542909,107.60554220643543,38288,1000,108.63408773144565,86.40892707898035,38288,1000,91.92243894973295
9,2,4000,5000,1000,True,599,4040,4034,51,31,0.005184325312922452,1000,0.012623762376237625,0.007673267326732673,0.9591708853338412,4034,599,0.9396530497672317,0.9435799953307642,4034,599,0.9424988413148341,0.08982809345533081,4034,599,0.09560992956627926,93.80813088745661,4034,599,98.95674914957051,112.1457610312345,4034,599,114.10344319472031
