window_end,metric,p0_mean,p1_mean,p2_mean,p0_std,p1_std,p2_std,p0_min,p1_min,p2_min,p0_max,p1_max,p2_max,p0_n,p1_n,p2_n,p0_action_opportunities_median,p1_action_opportunities_median,p2_action_opportunities_median,p0_action_opportunities_min,p1_action_opportunities_min,p2_action_opportunities_min,p0_action_opportunities_max,p1_action_opportunities_max,p2_action_opportunities_max
1000,death_rate,0.007243972775577934,0.006847498541524355,0.006496960628663106,0.002719239080914933,0.00027841668397696315,5.554447654888651e-05,0.0034469044146891157,0.006438975194429899,0.006392033757053307,0.011627906976744186,0.007296030182816878,0.006577997513883166,10,10,10,1595.0,39094.0,583532.5,172,25628,563568,9467,51561,614350
1000,mean_age,68.0353781651246,77.44052715808687,96.3985336405047,29.841370575400145,4.1136192079177025,1.7337468847038284,30.161849710982658,72.1446300451536,93.2396137642609,124.69565217391305,83.57571620078447,99.5038493496664,10,10,10,1595.0,39094.0,583532.5,172,25628,563568,9467,51561,614350
1000,mean_generation,16.757520216096164,14.838656315315456,10.847851760617587,3.3558362762690854,1.042365510849772,0.17799300963336828,10.762402088772847,13.297775681445808,10.55335679099226,20.44234079173838,16.913982131281532,11.18249131479337,10,10,10,1595.0,39094.0,583532.5,172,25628,563568,9467,51561,614350
1000,mean_hunger_multiplier,0.9987018353825657,0.9986749394352816,0.9989565415884393,0.0025820657151136676,0.0023655516702285545,0.0011751426910316075,0.9930406811430766,0.9954117645203698,0.9971126940200526,1.0021370840250758,1.0040096234144327,1.0007046732008305,10,10,10,1595.0,39094.0,583532.5,172,25628,563568,9467,51561,614350
1000,mean_signal_probability,0.10107176860080698,0.09993367041306636,0.09974634379513016,0.003737843193085475,0.00107957831857546,0.0009010502409560811,0.09199982277835804,0.09844119001876393,0.09796916222346558,0.1052518898144115,0.10149460753873753,0.1006527224805397,10,10,10,1595.0,39094.0,583532.5,172,25628,563568,9467,51561,614350
1000,mean_thirst_multiplier,1.0002422806297357,0.9990710799290994,0.9993590235698623,0.00713931798162326,0.0017472567256875383,0.0011231958572070525,0.9855168544094958,0.996027591172434,0.9974074056264601,1.0121547902646606,1.0014580481003241,1.0007939238080672,10,10,10,1595.0,39094.0,583532.5,172,25628,563568,9467,51561,614350
1000,population_share,0.003987129543649878,0.04839345281050671,0.8699428001700527,0.004022846438908508,0.009435472774531922,0.023636119705240367,0.00020966171618307954,0.03276720788052204,0.8290512860868989,0.011439954910220028,0.0621868170583298,0.9081822616241629,10,10,10,1595.0,39094.0,583532.5,172,25628,563568,9467,51561,614350
1000,reproductive_participation_rate,0.013877056894376854,0.014651543079943246,0.015261850491199122,0.0038009968327632326,0.0002548234110465395,6.209700670438338e-05,0.005813953488372093,0.014203215233338536,0.015154110435106281,0.017361111111111112,0.014991951281006962,0.015346571300660253,10,10,10,1595.0,39094.0,583532.5,172,25628,563568,9467,51561,614350
2000,death_rate,0.005437783212440065,0.007278992655971433,0.00758376449603711,0.00032041379742472133,0.0003753023488919916,0.000157302436486747,0.005066547366066435,0.006739636851006797,0.007381346578366446,0.005942350942591663,0.007808439399983077,0.007854880765657312,10,10,10,63635.0,109356.5,506235.0,13542,61385,394648,177200,156685,589043
2000,mean_age,104.17911156238613,88.20672075346054,99.10285430700617,11.55603609310323,2.899022914099579,1.989544855253436,84.71846730896522,83.88375738237187,94.23151975351253,120.7249032079646,92.9351319145767,100.79767946630918,10,10,10,63635.0,109356.5,506235.0,13542,61385,394648,177200,156685,589043
2000,mean_generation,43.9598680858203,38.929574389323406,36.112698584336506,1.7392148938356207,0.9343999685340907,0.8135352332734197,41.30668121791176,37.213503827985015,35.14863720279153,46.32141546141987,40.632705877972036,37.76163784352448,10,10,10,63635.0,109356.5,506235.0,13542,61385,394648,177200,156685,589043
2000,mean_hunger_multiplier,0.9965393334972099,0.9968493960410344,0.9964560786106829,0.004910604933195004,0.0032821264464849235,0.0024334292449639102,0.990124516400469,0.9920923070639978,0.9932854965315884,1.0058462780415598,1.0016053683748247,1.0004026649251325,10,10,10,63635.0,109356.5,506235.0,13542,61385,394648,177200,156685,589043
2000,mean_signal_probability,0.09991306492475557,0.10112076433060065,0.10021682723566412,0.004303179517458613,0.0028944965854848376,0.002844517267251035,0.09489191452753998,0.09483841454520991,0.09517127243688196,0.10862308688199938,0.10414675127298896,0.10430128376070627,10,10,10,63635.0,109356.5,506235.0,13542,61385,394648,177200,156685,589043
2000,mean_thirst_multiplier,0.992318636273747,0.993773120421873,0.9942875074810387,0.003713024274880024,0.002955763420725412,0.002791863140678742,0.9874096554757811,0.9893643352778129,0.9906889902241359,0.9978087472854842,0.9993442431655222,0.9980936035750143,10,10,10,63635.0,109356.5,506235.0,13542,61385,394648,177200,156685,589043
2000,population_share,0.09572738750288544,0.12439130601077628,0.5950773019664818,0.07591178004531497,0.03570792414354927,0.0721445422242381,0.01636416730877277,0.07536525473316694,0.47906219770090036,0.22425598054599516,0.18807071579068518,0.7047350186093823,10,10,10,63635.0,109356.5,506235.0,13542,61385,394648,177200,156685,589043
2000,reproductive_participation_rate,0.016288764980824596,0.01417548996385332,0.01426743983618611,0.00026578104018969156,0.0002917249115550644,0.00014334139042128632,0.0159174649963154,0.013634550531239801,0.013991428314534902,0.016836508639787327,0.014526714610211796,0.01449038573254328,10,10,10,63635.0,109356.5,506235.0,13542,61385,394648,177200,156685,589043
3000,death_rate,0.006449557767485241,0.008238185688529973,0.0082864246385874,0.00039682170750600425,0.0003476165585190763,0.00042824022845625145,0.005829681169007596,0.007853677266222207,0.007673111361676726,0.006965973769894202,0.00897084099749721,0.009091091734640575,10,10,10,428398.5,76136.5,165420.5,169306,46212,75210,603505,142219,336068
3000,mean_age,112.7865948109342,87.0741101162079,97.55298181937812,3.2788803012115677,5.2767691437938815,2.9609765938156936,105.3884766143055,78.73206006134532,90.77480626168759,116.97912217524363,94.91111858209975,101.04408251661783,10,10,10,428398.5,76136.5,165420.5,169306,46212,75210,603505,142219,336068
3000,mean_generation,68.18762850282023,64.70822474511154,62.68100988748248,2.364924705480422,1.093543063581518,2.100724747309853,64.38744955196775,63.09693335304096,58.09348467604669,72.03873734852267,66.3486947382375,66.07277870419682,10,10,10,428398.5,76136.5,165420.5,169306,46212,75210,603505,142219,336068
3000,mean_hunger_multiplier,0.9914474047906641,0.991468615573314,0.9916984956591799,0.005037390756235411,0.004234693519727563,0.0033286299409415916,0.9821170031714687,0.9812830629558378,0.9871484740477975,1.000294208882764,0.9975137611988232,0.9972301257376623,10,10,10,428398.5,76136.5,165420.5,169306,46212,75210,603505,142219,336068
3000,mean_signal_probability,0.10148458817683018,0.10213632384722386,0.10140082360474405,0.006022436147549172,0.007286392007084194,0.0067802197042140895,0.09187725931251241,0.09083625600887446,0.09241209627736674,0.11235986932638999,0.11615143984923182,0.11442067318884762,10,10,10,428398.5,76136.5,165420.5,169306,46212,75210,603505,142219,336068
3000,mean_thirst_multiplier,0.9817496512458416,0.9827496408586966,0.9821836669526128,0.007590301191260771,0.006693006782168363,0.007822924864079595,0.9699105636033518,0.9704415677925449,0.9694670598651913,0.9934394633358582,0.9916944582048581,0.9919046543221195,10,10,10,428398.5,76136.5,165420.5,169306,46212,75210,603505,142219,336068
3000,population_share,0.5289526211720508,0.1032215704801972,0.22877042002592055,0.1977486247672862,0.03678624176413028,0.10474679308597082,0.2100783079524989,0.059083526281096865,0.09513530564085354,0.7723254458653478,0.1782448344145828,0.4133043793784067,10,10,10,428398.5,76136.5,165420.5,169306,46212,75210,603505,142219,336068
3000,reproductive_participation_rate,0.015303039717721695,0.013299940772189605,0.013522864022757467,0.00030146760184035515,0.0004585888772503328,0.0004004785712557344,0.014925968306806755,0.012615770795464382,0.012910517218454994,0.015752542733275844,0.013974927027991852,0.014053703417165574,10,10,10,428398.5,76136.5,165420.5,169306,46212,75210,603505,142219,336068
4000,death_rate,0.007031022691834808,0.008248804648373957,0.009030001571923279,9.369296838730982e-05,0.0002454872229211312,0.0010018568820762015,0.006816990923074323,0.007808738565238325,0.007936507936507936,0.007116462480636703,0.008779581844274981,0.011498586239396796,10,10,10,698405.0,44784.5,20935.0,591610,35362,4402,737485,66464,68996
4000,mean_age,114.8957620959474,79.70533385599188,98.38225780671077,1.8737875113816678,5.13272381581697,6.4249324514183135,111.24986256139337,72.40744884910485,87.3465750091252,117.65557441976554,90.95965144628721,107.82255976095618,10,10,10,698405.0,44784.5,20935.0,591610,35362,4402,737485,66464,68996
4000,mean_generation,93.43864760711236,93.94931391637576,88.63476977023183,2.316759784296473,2.4432855376594147,3.55114840005011,90.31553815586699,91.1388285381965,83.69296415702637,97.39437469168756,98.2373196442529,94.088240661881,10,10,10,698405.0,44784.5,20935.0,591610,35362,4402,737485,66464,68996
4000,mean_hunger_multiplier,0.9836531288350493,0.9838683181965389,0.9811370417420147,0.006349955120390889,0.007603285925824832,0.008834350365569121,0.9726808468995254,0.9692560663700572,0.9601836155584511,0.9934274060637792,0.998123842510817,0.9901466846342845,10,10,10,698405.0,44784.5,20935.0,591610,35362,4402,737485,66464,68996
4000,mean_signal_probability,0.10065688616982685,0.1006164256187928,0.10231457957453916,0.007955998795426808,0.008519785752583442,0.006862621967045733,0.09056356118277108,0.08954963414964463,0.08982764600924308,0.11745140372960768,0.11784044161284918,0.1133131122045097,10,10,10,698405.0,44784.5,20935.0,591610,35362,4402,737485,66464,68996
4000,mean_thirst_multiplier,0.9656618450788865,0.9660580816466968,0.9673196021855228,0.013238137986235394,0.014593514148170937,0.013060036625463036,0.9404463963358984,0.937603742544452,0.9425505429832616,0.9862369424915244,0.9874841718384135,0.9852428487651769,10,10,10,698405.0,44784.5,20935.0,591610,35362,4402,737485,66464,68996
4000,population_share,0.8757444827428525,0.0594837976515042,0.0356486073379543,0.06675927746452487,0.01364592058189767,0.027565981672061132,0.7548957245090725,0.045224532226199494,0.005699407034127113,0.9345447139687716,0.08283579480524618,0.0880935631087185,10,10,10,698405.0,44784.5,20935.0,591610,35362,4402,737485,66464,68996
4000,reproductive_participation_rate,0.014726385315948564,0.012830963374993972,0.012519444057933024,0.00015919870519315896,0.0004215522036368458,0.0009841746253321665,0.014470668435151516,0.012206172378871063,0.010676965015901863,0.014940585858927333,0.013251135341480003,0.01377068155511677,10,10,10,698405.0,44784.5,20935.0,591610,35362,4402,737485,66464,68996
5000,death_rate,0.007051980856598682,0.008106216202383896,0.009144102929804717,8.677529718667275e-05,0.00040699547481423887,0.001771403059582061,0.006928335936144369,0.0075335807705903144,0.006660518495747515,0.007160282103947727,0.008839239716927415,0.012257405515832482,10,10,9,756056.5,45150.0,3091.0,720375,36881,1676,788502,57950,9759
5000,mean_age,115.19942956823961,77.9856136378148,80.80564471672615,1.1104215343508037,4.105082597735566,15.311756115096532,113.82782016470911,72.84995525287582,59.25,116.82623058914866,83.80358308740958,101.97618750779205,10,10,9,756056.5,45150.0,3091.0,720375,36881,1676,788502,57950,9759
5000,mean_generation,120.09977291211483,121.718741166361,118.43280874202514,2.5440001100792475,2.573345968905092,3.7738288246855842,117.22332584866768,118.81346826925686,112.1457610312345,124.25710431984483,127.70871338524286,122.89848391723008,10,10,9,756056.5,45150.0,3091.0,720375,36881,1676,788502,57950,9759
5000,mean_hunger_multiplier,0.973248715787526,0.9748181057406737,0.9689835600146337,0.008390090553261703,0.008057012036969579,0.016638840745413636,0.9584629514131009,0.9597816879480238,0.9397907649213393,0.9841714182729109,0.9842987173825537,0.9907961948420064,10,10,9,756056.5,45150.0,3091.0,720375,36881,1676,788502,57950,9759
5000,mean_signal_probability,0.10039023846724435,0.09994033105912943,0.10704398850268383,0.009381621244513779,0.01161023754864699,0.017912659841485767,0.08620277565466114,0.08132947133086764,0.08562955889900116,0.11814333938326212,0.12231344902491184,0.13446207939299126,10,10,9,756056.5,45150.0,3091.0,720375,36881,1676,788502,57950,9759
5000,mean_thirst_multiplier,0.9405173973754554,0.9416030523757353,0.9359699686841422,0.023088801961793207,0.024894903786114073,0.015742667601373918,0.8977960211824816,0.8947358932816332,0.907364433027097,0.9776662126129698,0.9827528427191041,0.9520914647417857,10,10,9,756056.5,45150.0,3091.0,720375,36881,1676,788502,57950,9759
5000,population_share,0.937840786985056,0.0553914227627201,0.004472474778015168,0.011129763041056333,0.007536442152524536,0.0036749967178915277,0.909247021812616,0.04772210459830327,0.0,0.9470935700887743,0.0735649485675803,0.011568922297228461,10,10,10,756056.5,45150.0,2651.5,720375,36881,0,788502,57950,9759
5000,reproductive_participation_rate,0.014438405626250353,0.01244299490624973,0.01179795294261178,0.00014458030786486723,0.00025406604580912397,0.001672433631601002,0.014214294954229666,0.011954935970173448,0.009523809523809525,0.014623638096027175,0.012703252032520325,0.014796547472256474,10,10,9,756056.5,45150.0,3091.0,720375,36881,1676,788502,57950,9759
